MÃ 一级编码,一级编码名称, SẢN PHẨM 类别,MÃ SẢN PHẨM 类别编码,TÊN VẬT PHẨM 物品名称,MÃ VẬT PHẨM 物品编码,,,,,,,,,,,,,,,,,,,,,
F08 (LK),机物料,kim 针,F0801,kim máy máy DBxKN #9 风琴机针DB*1KN #9,F0801001,,,,,,,,,,,,,,,,,,,,,
F08 (LK),机物料,kim 针,F0801,kim máy may DBx1KN #11 风琴机针DB*1KN #11,F0801002,,,,,,,,,,,,,,,,,,,,,
F08 (LK),机物料,kim 针,F0801,kim máy may DB X KN #12 风琴机针DB*1KN #12,F0801003,,,,,,,,,,,,,,,,,,,,,
F08 (LK),机物料,kim 针,F0801,kim máy may DB X KN #14 风琴机针DB*1KN #14,F0801004,,,,,,,,,,,,,,,,,,,,,
F08 (LK),机物料,kim 针,F0801,kim máy may DB x1 #16 风琴机针DB*1 #16,F0801005,,,,,,,,,,,,,,,,,,,,,
F08 (LK),机物料,kim 针,F0801,kim máy may DB x1 #18 风琴机针DB*1 #18,F0801006,,,,,,,,,,,,,,,,,,,,,
F08 (LK),机物料,kim 针,F0801,kim máy may DP x5 KN #11 风琴机针DP*5 #11,F0801007,,,,,,,,,,,,,,,,,,,,,
F08 (LK),机物料,kim 针,F0801,kim máy may DP x 5 #14 风琴机针DP*5 #14,F0801008,,,,,,,,,,,,,,,,,,,,,
F08 (LK),机物料,kim 针,F0801,kim máy may DP x 17 #11 风琴机针DP*17 #11,F0801009,,,,,,,,,,,,,,,,,,,,,
F08 (LK),机物料,kim 针,F0801,kim vắt sổ DC x 1KN # 11 风琴机针DC*1 （拷边机）,F0801010,,,,,,,,,,,,,,,,,,,,,
F08 (LK),机物料,kim 针,F0801,kim vắt sổ DC x KN # 16 风琴机针DC*1 （拷边机）,F0801011,,,,,,,,,,,,,,,,,,,,,
F08 (LK),机物料,kim 针,F0801,kim vắt sổ DC x KN # 18 风琴机针DC*1 （拷边机）,F0801012,,,,,,,,,,,,,,,,,,,,,
F08 (LK),机物料,kim 针,F0801,"kim sâm lai #2 LM x 6T( số 2 là size 10)
 挑脚车机针",F0801013,,,,,,,,,,,,,,,,,,,,,
F08 (LK),机物料,kim 针,F0801,"kim sâm lai số 3  LM x 6T ( số 3 là size 11)
挑脚车机针",F0801014,,,,,,,,,,,,,,,,,,,,,
F08 (LK),机物料,kim 针,F0801,kim cúc 珠针,F0801015,,,,,,,,,,,,,,,,,,,,,
F08 (LK),机物料,kim 针,F0801,kim tay số 9 手缝针,F0801016,,,,,,,,,,,,,,,,,,,,,
F08 (LK),机物料,kim 针,F0801,kim tay số 8 手缝针 ,F0801017,,,,,,,,,,,,,,,,,,,,,
F08 (LK),机物料,kim 针,F0801,kim tay số 10手缝针,F0801018,,,,,,,,,,,,,,,,,,,,,
F08 (LK),机物料,kim 针,F0801,kim tay số 11 手缝针,F0801019,,,,,,,,,,,,,,,,,,,,,
F08 (LK),机物料,kim 针,F0801,kim máy may DCx1#16 缝纫机针,F0801020,,,,,,,,,,,,,,,,,,,,,
F08 (LK),机物料,kim 针,F0801,kim DC x 1KN # 9 风琴机针DC*1 （拷边机）,F0801021,,,,,,,,,,,,,,,,,,,,,
F08 (LK),机物料,kim 针,F0801,UY*123 # 9,F0801022,,,,,,,,,,,,,,,,,,,,,
F08 (LK),机物料,kim 针,F0801,UY*123 #11,F0801023,,,,,,,,,,,,,,,,,,,,,
F08 (LK),机物料,kim 针,F0801,UY*123 #12,F0801024,,,,,,,,,,,,,,,,,,,,,
F08 (LK),机物料,kim 针,F0801,kim máy may DP x5 KN #12 风琴机针DP*5 #12,F0801021,,,,,,,,,,,,,,,,,,,,,
F08 (LK),机物料,kim 针,F0801,kim máy may DB x 1KN #8 缝纫机针 ,F0801022,,,,,,,,,,,,,,,,,,,,,
F08 (LK),机物料,kim 针,F0801,kim máy may DC x KN #11缝纫机针,F0801023,,,,,,,,,,,,,,,,,,,,,
F08 (LK),机物料,kim 针,F0801,kim máy may DBx1KN số 9 风琴机针DB*1,F0801024,,,,,,,,,,,,,,,,,,,,,
F08 (LK),机物料,kim 针,F0801, kim máy may UY x128 #14 风琴机针UY128,F0801025,,,,,,,,,,,,,,,,,,,,,
F08 (LK),机物料,kim 针,F0801,"kim máy may UO x 113 #16 
风琴机针型号UO*113GS(风琴机针)",F0801026,,,,,,,,,,,,,,,,,,,,,
F08 (LK),机物料,kim 针,F0801,Kim máy may MT x190 #11 风琴机针 型号MT*190,F0801027,,,,,,,,,,,,,,,,,,,,,
F08 (LK),机物料,kim 针,F0801,Kim máy may MT x190 #14 风琴机针 型号MT*190,F0801028,,,,,,,,,,,,,,,,,,,,,
F08 (LK),机物料,kim 针,F0801,Kim máy may DP*17# 9 机针DP*17# 9,F0801029,,,,,,,,,,,,,,,,,,,,,
F08 (LK),机物料,kim 针,F0801,Kim máy may DP*17# 14 机针DP*17# 14,F0801030,,,,,,,,,,,,,,,,,,,,,
F08 (LK),机物料,kim 针,F0801,Kim máy may DP*5KN #9  风琴机针DP*5 #9,F0801031,,,,,,,,,,,,,,,,,,,,,
F08 (LK),机物料,kim 针,F0801,Kim máy may DO*558 # 16 机针DO*558 # 16,F0801032,,,,,,,,,,,,,,,,,,,,,
F08 (LK),机物料,kim 针,F0801,,F0801033,,,,,,,,,,,,,,,,,,,,,
F08 (LK),机物料,kim 针,F0801,,F0801034,,,,,,,,,,,,,,,,,,,,,
F08 (LK),机物料,kim 针,F0801,,F0801035,,,,,,,,,,,,,,,,,,,,,
F08 (LK),机物料,kim 针,F0801,,F0801036,,,,,,,,,,,,,,,,,,,,,
F08 (LK),机物料,kim 针,F0801,,F0801037,,,,,,,,,,,,,,,,,,,,,
F08 (LK),机物料,kim 针,F0801,,F0801038,,,,,,,,,,,,,,,,,,,,,
F08 (LK),机物料,kim 针,F0801,,F0801039,,,,,,,,,,,,,,,,,,,,,
F08 (LK),机物料,kim 针,F0801,,F0801040,,,,,,,,,,,,,,,,,,,,,
F08 (LK),机物料,kim 针,F0801,,F0801041,,,,,,,,,,,,,,,,,,,,,
F08 (LK),机物料,kim 针,F0801,kim máy may DB x 1KN #14 缝纫机针 ,F0801042,,,,,,,,,,,,,,,,,,,,,
F08 (LK),机物料,kim 针,F0801,kim vắt sổ DC x 1KN # 14 风琴机针DC*1 （拷边机）,F0801043,,,,,,,,,,,,,,,,,,,,,
F08 (LK),机物料,Băng keo 胶带,F0802,băng keo trong  1.8cm 胶带,F0802001,,,,,,,,,,,,,,,,,,,,,
F08 (LK),机物料,Băng keo 胶带,F0802,băng keo trong  6cm 封箱胶带,F0802002,,,,,,,,,,,,,,,,,,,,,
F08 (LK),机物料,Băng keo 胶带,F0802,băng keo trong 5cm 封箱胶带,F0802003,,,,,,,,,,,,,,,,,,,,,
F08 (LK),机物料,Băng keo 胶带,F0802,băng keo vải nâu牛皮胶带,F0802004,,,,,,,,,,,,,,,,,,,,,
F08 (LK),机物料,Băng keo 胶带,F0802,băng keo xốp vàng 2.4cm 海绵胶,F0802005,,,,,,,,,,,,,,,,,,,,,
F08 (LK),机物料,Băng keo 胶带,F0802,băng keo điện  电工胶带 ,F0802006,,,,,,,,,,,,,,,,,,,,,
F08 (LK),机物料,Băng keo 胶带,F0802,băng keo đóng thùng xanh lá 封箱胶带（绿色）,F0802007,,,,,,,,,,,,,,,,,,,,,
F08 (LK),机物料,Băng keo 胶带,F0802,băng keo vải nâu 3cm 牛皮胶带,F0802008,,,,,,,,,,,,,,,,,,,,,
F08 (LK),机物料,Băng keo 胶带,F0802,băng keo vải nâu 2cm 牛皮胶带,F0802009,,,,,,,,,,,,,,,,,,,,,
F08 (LK),机物料,Băng keo 胶带,F0802,băng keo 2 mặt 0.5cm 双面胶,F0802010,,,,,,,,,,,,,,,,,,,,,
F08 (LK),机物料,Băng keo 胶带,F0802,băng keo 2 mặt 1cm 双面胶,F0802011,,,,,,,,,,,,,,,,,,,,,
F08 (LK),机物料,Băng keo 胶带,F0802,băng keo 2 mặt 2.4cm 双面胶,F0802012,,,,,,,,,,,,,,,,,,,,,
F08 (LK),机物料,Băng keo 胶带,F0802,băng keo giấy vàng 1 cm 美纹纸,F0802013,,,,,,,,,,,,,,,,,,,,,
F08 (LK),机物料,Băng keo 胶带,F0802,băng keo giấy vàng 2cm 美纹纸,F0802014,,,,,,,,,,,,,,,,,,,,,
F08 (LK),机物料,Băng keo 胶带,F0802,băng keo trong 2cm 透明胶(封箱带）,F0802015,,,,,,,,,,,,,,,,,,,,,
F08 (LK),机物料,Băng keo 胶带,F0802,"Băng keo vải xanh dương 50mm (cây = 6 cuộn)
蓝色布基胶带 （6卷/打）",F0802016,,,,,,,,,,,,,,,,,,,,,
F08 (LK),机物料,Băng keo 胶带,F0802,"Băng keo giấy màu trắng loại 1cm (28 cuộn/cây)
白色纸胶带 1cm",F0802017,,,,,,,,,,,,,,,,,,,,,
F08 (LK),机物料,Cử 拉筒,F0803,bát cử viền kansai 关西拉筒底座,F0803001,,,,,,,,,,,,,,,,,,,,,
F08 (LK),机物料,Cử 拉筒,F0803,bát cử cuốn lai 1 kim拉筒底座,F0803002,,,,,,,,,,,,,,,,,,,,,
F08 (LK),机物料,Cử 拉筒,F0803,cử treo đôi双面订归,F0803003,,,,,,,,,,,,,,,,,,,,,
F08 (LK),机物料,Cử 拉筒,F0803,cử viền 1 kim A10 26mm 针板拉筒,F0803004,,,,,,,,,,,,,,,,,,,,,
F08 (LK),机物料,Cử 拉筒,F0803,cử viền 1 kim A10 28mm针板拉筒,F0803005,,,,,,,,,,,,,,,,,,,,,
F08 (LK),机物料,Cử 拉筒,F0803,  ,F0803006,,,,,,,,,,,,,,,,,,,,,
F08 (LK),机物料,Cử 拉筒,F0803,bộ cư li 1/4 2 kim di động 单杆双针针位,F0803007,,,,,,,,,,,,,,,,,,,,,
F08 (LK),机物料,Cử 拉筒,F0803,bát cử cuốn lai 1 kim拉筒底座,F0803008,,,,,,,,,,,,,,,,,,,,,
F08 (LK),机物料,Cử 拉筒,F0803,bát cử vắt sổ 拉筒底座,F0803009,,,,,,,,,,,,,,,,,,,,,
F08 (LK),机物料,Cử 拉筒,F0803,cử 1 mép 30-35 绷缝车拉筒,F0803010,,,,,,,,,,,,,,,,,,,,,
F08 (LK),机物料,Cử 拉筒,F0803,"cử kansai mép cuốn (mép xả 5cm vào, 2cm ra
绷缝拉筒 （拉筒）",F0803011,,,,,,,,,,,,,,,,,,,,,
F08 (LK),机物料,Cử 拉筒,F0803,cử viền 1 kim A10 38mm针板拉筒,F0803012,,,,,,,,,,,,,,,,,,,,,
F08 (LK),机物料,Cử 拉筒,F0803,cử viền 1 kim A10 40mm针板拉筒,F0803013,,,,,,,,,,,,,,,,,,,,,
F08 (LK),机物料,Cử 拉筒,F0803,Cử viền 1 kim 24mm 针板拉筒,F0803014,,,,,,,,,,,,,,,,,,,,,
F08 (LK),机物料,Mặt nguyệt针板,F00804,mặt nguyệt quay rập 4 li K1 针板,F0804001,,,,,,,,,,,,,,,,,,,,,
F08 (LK),机物料,Mặt nguyệt针板,F00804,mặt nguyệt cuốn lai 1.5mm 四线密拷针板,F0804002,,,,,,,,,,,,,,,,,,,,,
F08 (LK),机物料,Mặt nguyệt针板,F00804,mặt nguyệt vắt sổ 4 chỉ 5 li 拷边车四线针板,F0804003,,,,,,,,,,,,,,,,,,,,,
F08 (LK),机物料,Mặt nguyệt针板,F00804,mặt nguyệt kansai chống mo vải 坎车针板,F0804004,,,,,,,,,,,,,,,,,,,,,
F08 (LK),机物料,Mặt nguyệt针板,F00804,mặt nguyệt E16 针板,F0804005,,,,,,,,,,,,,,,,,,,,,
F08 (LK),机物料,Mặt nguyệt针板,F00804,mặt nguyệt 1 kim xén 1/8 切刀平车针板,F0804006,,,,,,,,,,,,,,,,,,,,,
F08 (LK),机物料,Mặt nguyệt针板,F00804,mặt nguyệt 1 kim xén 1/4  切刀平车针板,F0804007,,,,,,,,,,,,,,,,,,,,,
F08 (LK),机物料,Mặt nguyệt针板,F00804,mặt nguyệt cuốn biên 1.5mm 四线密拷针板,F0804008,,,,,,,,,,,,,,,,,,,,,
F08 (LK),机物料,Mặt nguyệt针板,F00804,mặt nguyệt vắt sổ 4 chỉ 3 li 飞马四线针板,F0804009,,,,,,,,,,,,,,,,,,,,,
F08 (LK),机物料,Dao 刀/刀片,F0805,dao vắt sổ dưới 下刀（拷边机）,F0805001,,,,,,,,,,,,,,,,,,,,,
F08 (LK),机物料,Dao 刀/刀片,F0805,dao động máy 1 kim (Brother) 平车下刀,F0805002,,,,,,,,,,,,,,,,,,,,,
F08 (LK),机物料,Dao 刀/刀片,F0805,dao trên máy xén 1 kim 切刀车刀片,F0805003,,,,,,,,,,,,,,,,,,,,,
F08 (LK),机物料,Dao 刀/刀片,F0805,dao rọc PVC 切割PVC板勾刀 （美工刀）,F0805004,,,,,,,,,,,,,,,,,,,,,
F08 (LK),机物料,Dao 刀/刀片,F0805,dao rọc giấy  lớn 大美工刀,F0805005,,,,,,,,,,,,,,,,,,,,,
F08 (LK),机物料,Dao 刀/刀片,F0805,Dao rọc giấy SDI lớn 0423 美工刀,F0805006,,,,,,,,,,,,,,,,,,,,,
F08 (LK),机物料,Dao 刀/刀片,F0805,dao cắt tay 6E 手动裁刀片,F0805007,,,,,,,,,,,,,,,,,,,,,
F08 (LK),机物料,Dao 刀/刀片,F0805,dao vắt sổ trên 201121A,F0805008,,,,,,,,,,,,,,,,,,,,,
F08 (LK),机物料,Dao 刀/刀片,F0805,dao cắt vòng 龙门刀,F0805009,,,,,,,,,,,,,,,,,,,,,
F08 (LK),机物料,Dao 刀/刀片,F0805,dao thớt khuy mắc gà,F0805010,,,,,,,,,,,,,,,,,,,,,
F08 (LK),机物料,Dao 刀/刀片,F0805,dao máy cắt trải vải,F0805011,,,,,,,,,,,,,,,,,,,,,
F08 (LK),机物料,Dao 刀/刀片,F0805,dao máy xén ,F0805012,,,,,,,,,,,,,,,,,,,,,
F08 (LK),机物料,Dao 刀/刀片,F0805,Dao tĩnh 平车下刀,F0805013,,,,,,,,,,,,,,,,,,,,,
F08 (LK),机物料,Dao 刀/刀片,F0805,Dao động 平车上刀,F0805014,,,,,,,,,,,,,,,,,,,,,
F08 (LK),机物料,Dao 刀/刀片,F0805,lưỡi dao cắt rập 1mm  ( Phòng Rập),F0805015,,,,,,,,,,,,,,,,,,,,,
F08 (LK),机物料,Dao 刀/刀片,F0805,lưỡi dao rọc giấy lớn 美工刀片 (大),F0805016,,,,,,,,,,,,,,,,,,,,,
F08 (LK),机物料,Dao 刀/刀片,F0805,Lưỡi gà máy cắt đầu bàn  断布机拨片,F0805017,,,,,,,,,,,,,,,,,,,,,
F08 (LK),机物料,Dao 刀/刀片,F0805,dao máy cắt vải đầu bàn tròn 断布机刀片 (断布机圆刀片),F0805018,,,,,,,,,,,,,,,,,,,,,
F08 (LK),机物料,Dao 刀/刀片,F0805,dao trên 1 kim Brother SB4941-001-SH  平车上刀,F0805019,,,,,,,,,,,,,,,,,,,,,
F08 (LK),机物料,Dao 刀/刀片,F0805,dao dưới 1 kim Brother 平车下刀,F0805020,,,,,,,,,,,,,,,,,,,,,
F08 (LK),机物料,Dao 刀/刀片,F0805,dao trên 1 kim Joje S02637-001 平车上刀,F0805021,,,,,,,,,,,,,,,,,,,,,
F08 (LK),机物料,Dao 刀/刀片,F0805,Dao dưới máy Khuy Mắt Phụng 锁眼机A2下刀 ,F0805022,,,,,,,,,,,,,,,,,,,,,
F08 (LK),机物料,Dao 刀/刀片,F0805,dao máy khuy 1/4 锁眼刀片1/4,F0805023,,,,,,,,,,,,,,,,,,,,,
F08 (LK),机物料,Dao 刀/刀片,F0805,lưỡi dao rọc mica (PVC ）切割PVC板勾刀 （美工刀刀片）,F0805024,,,,,,,,,,,,,,,,,,,,,
F08 (LK),机物料,Dao 刀/刀片,F0805,dao cắt vòng 龙门刀,F0805025,,,,,,,,,,,,,,,,,,,,,
F08 (LK),机物料,Giấy sản xuất纸,F0806,"giây sơ đồ trăng 1m6 - giấy báo 唛架纸,45gms (xám)",F0806001,,,,,,,,,,,,,,,,,,,,,
F08 (LK),机物料,Giấy sản xuất纸,F0806,"giây sơ đồ trăng 1m6 唛架纸,65gms (trắng)",F0806002,,,,,,,,,,,,,,,,,,,,,
F08 (LK),机物料,Giấy sản xuất纸,F0806,giấy sơ đồ trắng 1m8 白色图表纸/唛架纸,F0806003,,,,,,,,,,,,,,,,,,,,,
F08 (LK),机物料,Giấy sản xuất纸,F0806,giấy cứng cắt rập 1m3 牛皮纸,F0806004,,,,,,,,,,,,,,,,,,,,,
F08 (LK),机物料,Giấy sản xuất纸,F0806,Giấy đánh số (tổ cắt ) 裁床编码标签纸(裁床用),F0806005,,,,,,,,,,,,,,,,,,,,,
F08 (LK),机物料,Giấy sản xuất纸,F0806,"giấy chống ẩm拷贝纸 （防潮纸）
khổ 25cm*25cm",F0806006,,,,,,,,,,,,,,,,,,,,,
F08 (LK),机物料,Giấy sản xuất纸,F0806,giấy vàng đục lỗ 1m6 打孔纸（版厂用）,F0806007,,,,,,,,,,,,,,,,,,,,,
F08 (LK),机物料,"
去污剂chất tẩy hàng",F0807,Aceton,F0807001,,,,,,,,,,,,,,,,,,,,,
F08 (LK),机物料,"
去污剂chất tẩy hàng",F0807,xăng thơm 香油,F0807002,,,,,,,,,,,,,,,,,,,,,
F08 (LK),机物料,"
去污剂chất tẩy hàng",F0807,giấm 白醋,F0807003,,,,,,,,,,,,,,,,,,,,,
F08 (LK),机物料,"
去污剂chất tẩy hàng",F0807,son tẩy hàng 去污膏,F0807004,,,,,,,,,,,,,,,,,,,,,
F08 (LK),机物料,"
去污剂chất tẩy hàng",F0807,chai vệ sinh máy cắt 自动裁床清洁剂（清洁剂）,F0807005,,,,,,,,,,,,,,,,,,,,,
F08 (LK),机物料,"
去污剂chất tẩy hàng",F0807,chai tẩy sét Rustgo 除锈剂 RUSTGO,F0807006,,,,,,,,,,,,,,,,,,,,,
F08 (LK),机物料,"
去污剂chất tẩy hàng",F0807,CHAI TẨY DẦU 830 去污膏,F0807007,,,,,,,,,,,,,,,,,,,,,
F08 (LK),机物料,"
去污剂chất tẩy hàng",F0807,Oxy già 过氧化氢,F0807008,,,,,,,,,,,,,,,,,,,,,
F08 (LK),机物料,"
去污剂chất tẩy hàng",F0807,nước tẩy on1 cho áo màu  彩漂液,F0807009,,,,,,,,,,,,,,,,,,,,,
F08 (LK),机物料,"
去污剂chất tẩy hàng",F0807,nước rửa chén 洗碗液,F0807010,,,,,,,,,,,,,,,,,,,,,
F08 (LK),机物料,"
去污剂chất tẩy hàng",F0807,chai vệ sinh máy ép keo 粘合润滑油,F0807011,,,,,,,,,,,,,,,,,,,,,
F08 (LK),机物料,"
去污剂chất tẩy hàng",F0807,chai axit 不锈钢助焊剂,F0807012,,,,,,,,,,,,,,,,,,,,,
F08 (LK),机物料,Chân vịt 压脚,F0808,chân vịt 1 giò phải P36N右单边压脚,F0808001,,,,,,,,,,,,,,,,,,,,,
F08 (LK),机物料,Chân vịt 压脚,F0808,"chân vịt khoét rãnh 1/16 平车包绳嵌线压脚
",F0808002,,,,,,,,,,,,,,,,,,,,,
F08 (LK),机物料,Chân vịt 压脚,F0808,"chân vịt khoét rãnh 1/8平车包绳嵌线压脚
",F0808003,,,,,,,,,,,,,,,,,,,,,
F08 (LK),机物料,Chân vịt 压脚,F0808,chân vịt bánh xe 1 kim 滚轮胶压脚,F0808004,,,,,,,,,,,,,,,,,,,,,
F08 (LK),机物料,Chân vịt 压脚,F0808,chân vịt mí 5/16 ( phải) 平车右挡边压脚,F0808005,,,,,,,,,,,,,,,,,,,,,
F08 (LK),机物料,Chân vịt 压脚,F0808,chân vịt luồn thun 1/8 橡筋抽皱压脚1/8,F0808006,,,,,,,,,,,,,,,,,,,,,
F08 (LK),机物料,Chân vịt 压脚,F0808,chân vịt bánh xe chạy viền 滚轮包边压脚,F0808007,,,,,,,,,,,,,,,,,,,,,
F08 (LK),机物料,Chân vịt 压脚,F0808,Chân vịt vắt sổ 4 chỉ chạy dây bún  四线拷边机透明带压脚,F0808008,,,,,,,,,,,,,,,,,,,,,
F08 (LK),机物料,Chân vịt 压脚,F0808,"chân vịt mí 1/32 双针车左右1/32压脚
",F0808009,,,,,,,,,,,,,,,,,,,,,
F08 (LK),机物料,Chân vịt 压脚,F0808,Chân vịt 1 giò trái CL  左单边压脚,F0808010,,,,,,,,,,,,,,,,,,,,,
F08 (LK),机物料,Chân vịt 压脚,F0808,Chân vịt đũa 牙签压脚 ,F0808011,,,,,,,,,,,,,,,,,,,,,
F08 (LK),机物料,Chân vịt 压脚,F0808,chân vịt máy may ziczac 人字车压脚,F0808012,,,,,,,,,,,,,,,,,,,,,
F08 (LK),机物料,Chân vịt 压脚,F0808,Chân vịt lò xo 平车可调节打褶压脚,F0808013,,,,,,,,,,,,,,,,,,,,,
F08 (LK),机物料,Chân vịt 压脚,F0808,Chân vịt nhúm vuông 平车缩皱压脚,F0808014,,,,,,,,,,,,,,,,,,,,,
F08 (LK),机物料,Chân vịt 压脚,F0808,Chân vịt mí 1 ly phải 右边牙签高低压脚,F0808015,,,,,,,,,,,,,,,,,,,,,
F08 (LK),机物料,Chân vịt 压脚,F0808,Chân vịt mí 1 ly trái左边牙签高低压脚,F0808016,,,,,,,,,,,,,,,,,,,,,
F08 (LK),机物料,Chân vịt 压脚,F0808,chân vịt 1 kim vòng nhựa  滚轮压脚,F0808017,,,,,,,,,,,,,,,,,,,,,
F08 (LK),机物料,Chân vịt 压脚,F0808,chân vịt nhiễu 1 /8 1/8右傍压脚 ,F0808018,,,,,,,,,,,,,,,,,,,,,
F08 (LK),机物料,"Linh kiện sản xuất  khác
其它类别",F0809,mực in 唛架机黑盒(唛架机黑水）,F0809001,,,,,,,,,,,,,,,,,,,,,
F08 (LK),机物料,"Linh kiện sản xuất  khác
其它类别",F0809,hộp mực in 85A( XNK) 打印机黑水,F0809002,,,,,,,,,,,,,,,,,,,,,
F08 (LK),机物料,"Linh kiện sản xuất  khác
其它类别",F0809,mực đóng dấu 555 ( màu bạc) 印泥盒,F0809003,,,,,,,,,,,,,,,,,,,,,
F08 (LK),机物料,"Linh kiện sản xuất  khác
其它类别",F0809,mực bút lông dầu（màu đen) 记号笔的墨水 (黑色）,F0809004,,,,,,,,,,,,,,,,,,,,,
F08 (LK),机物料,"Linh kiện sản xuất  khác
其它类别",F0809,mực đóng dấu 555 ( màu đen) 印泥盒,F0809005,,,,,,,,,,,,,,,,,,,,,
F08 (LK),机物料,"Linh kiện sản xuất  khác
其它类别",F0809,hộp mực in pamtum P2200 打印机黑盒 ,F0809006,,,,,,,,,,,,,,,,,,,,,
F08 (LK),机物料,"Linh kiện sản xuất  khác
其它类别",F0809,Bơm mực sơ đồ 充墨水 （针孔打印机黑盒 ）,F0809007,,,,,,,,,,,,,,,,,,,,,
F08 (LK),机物料,"Linh kiện sản xuất  khác
其它类别",F0810,keo 502 / 502胶水,F0810001,,,,,,,,,,,,,,,,,,,,,
F08 (LK),机物料,"Linh kiện sản xuất  khác
其它类别",F0810,tấm thiếc cắt rập模版铁片0.2mm (1mx2m）,F0810002,,,,,,,,,,,,,,,,,,,,,
F08 (LK),机物料,"Linh kiện sản xuất  khác
其它类别",F0810,inox bẻ cử 0.5mm 不锈钢薄板,F0810003,,,,,,,,,,,,,,,,,,,,,
F08 (LK),机物料,"Linh kiện sản xuất  khác
其它类别",F0810,gói hút ẩm 5g干燥剂 (10.000 gói),F0810004,,,,,,,,,,,,,,,,,,,,,
F08 (LK),机物料,"Linh kiện sản xuất  khác
其它类别",F0810,cây lộn vải 26cm 钩针,F0810005,,,,,,,,,,,,,,,,,,,,,
F08 (LK),机物料,"Linh kiện sản xuất  khác
其它类别",F0810,palet 1100x1100x130mm bít đen cũ 9 chân giá 250k,F0810006,,,,,,,,,,,,,,,,,,,,,
F08 (LK),机物料,"Linh kiện sản xuất  khác
其它类别",F0810,蛇皮袋 bao tải dứa,F0810007,,,,,,,,,,,,,,,,,,,,,
F08 (LK),机物料,"Linh kiện sản xuất  khác
其它类别",F0810,"kẽm làm đuôi cử 2,5li 铁丝",F0810008,,,,,,,,,,,,,,,,,,,,,
F08 (LK),机物料,"Linh kiện sản xuất  khác
其它类别",F0810,màng PE 2m4 ( tổ cắt) 保鲜罩,F0810009,,,,,,,,,,,,,,,,,,,,,
F08 (LK),机物料,"Linh kiện sản xuất  khác
其它类别",F0810,màng PE 50 cm  ( hoàn thành ) 保鲜罩,F0810010,,,,,,,,,,,,,,,,,,,,,
F08 (LK),机物料,"Linh kiện sản xuất  khác
其它类别",F0810,bao ni long 60 cm 仓库塑料袋,F0810011,,,,,,,,,,,,,,,,,,,,,
F08 (LK),机物料,"Linh kiện sản xuất  khác
其它类别",F0810,dây curoa A23 三角皮带,F0810012,,,,,,,,,,,,,,,,,,,,,
F08 (LK),机物料,"Linh kiện sản xuất  khác
其它类别",F0810,máy đánh số DELI 打码器 6号,F0810013,,,,,,,,,,,,,,,,,,,,,
F08 (LK),机物料,"Linh kiện sản xuất  khác
其它类别",F0810,giấy nhám to 砂纸 NO150,F0810014,,,,,,,,,,,,,,,,,,,,,
F08 (LK),机物料,"Linh kiện sản xuất  khác
其它类别",F0810,Giấy đánh số 5 裁床编码标签纸(裁床用),F0810015,,,,,,,,,,,,,,,,,,,,,
F08 (LK),机物料,"Linh kiện sản xuất  khác
其它类别",F0810,giấy nhám nhuyễn P1200 砂纸/沙皮,F0810016,,,,,,,,,,,,,,,,,,,,,
F08 (LK),机物料,"Linh kiện sản xuất  khác
其它类别",F0810,ống đồng 3ly 紫铜管,F0810017,,,,,,,,,,,,,,,,,,,,,
F08 (LK),机物料,"Linh kiện sản xuất  khác
其它类别",F0810,van 1 chiều 烫斗疏水阀,F0810018,,,,,,,,,,,,,,,,,,,,,
F08 (LK),机物料,"Linh kiện sản xuất  khác
其它类别",F0810,dầu máy may 洁丽王衣车油,F0810019,,,,,,,,,,,,,,,,,,,,,
F08 (LK),机物料,"Linh kiện sản xuất  khác
其它类别",F0810,nhựa dán chân vịt 0.5mm 压脚皮,F0810020,,,,,,,,,,,,,,,,,,,,,
F08 (LK),机物料,"Linh kiện sản xuất  khác
其它类别",F0810,nhựa dán chân vịt 0.8mm 压脚皮,F0810021,,,,,,,,,,,,,,,,,,,,,
F08 (LK),机物料,"Linh kiện sản xuất  khác
其它类别",F0810,ốc hãm chân vịt sâm lai森苯压脚锁紧螺丝螺母,F0810022,,,,,,,,,,,,,,,,,,,,,
F08 (LK),机物料,"Linh kiện sản xuất  khác
其它类别",F0810,Cân đồng hồ 30KG 电子秤,F0810023,,,,,,,,,,,,,,,,,,,,,
F08 (LK),机物料,"Linh kiện sản xuất  khác
其它类别",F0810,túi ni long 30*40 塑胶袋,F0810024,,,,,,,,,,,,,,,,,,,,,
F08 (LK),机物料,"Linh kiện sản xuất  khác
其它类别",F0810,móc dưới máy kansai 堪塞下钩 ,F0810025,,,,,,,,,,,,,,,,,,,,,
F08 (LK),机物料,"Linh kiện sản xuất  khác
其它类别",F0810,móc vắt sổ dưới 下钩针,F0810026,,,,,,,,,,,,,,,,,,,,,
F08 (LK),机物料,"Linh kiện sản xuất  khác
其它类别",F0810,dây mài máy cắt 打磨带,F0810027,,,,,,,,,,,,,,,,,,,,,
F08 (LK),机物料,"Linh kiện sản xuất  khác
其它类别",F0810,bộ cư li 1/4 2 kim di động 单杆双针针位,F0810028,,,,,,,,,,,,,,,,,,,,,
F08 (LK),机物料,"Linh kiện sản xuất  khác
其它类别",F0810,bàn ga 宝狮速度控制器,F0810029,,,,,,,,,,,,,,,,,,,,,
F08 (LK),机物料,"Linh kiện sản xuất  khác
其它类别",F0810,ổ 1 kim điện tử电脑平车梳床 ,F0810030,,,,,,,,,,,,,,,,,,,,,
F08 (LK),机物料,"Linh kiện sản xuất  khác
其它类别",F0810,đầu cắm dây hơi 8mm ( đầu đực) 接头,F0810031,,,,,,,,,,,,,,,,,,,,,
F08 (LK),机物料,"Linh kiện sản xuất  khác
其它类别",F0810,dây hơi 8mm 气管,F0810032,,,,,,,,,,,,,,,,,,,,,
F08 (LK),机物料,"Linh kiện sản xuất  khác
其它类别",F0810,mút trải bàn ủi 烫台海绵,F0810033,,,,,,,,,,,,,,,,,,,,,
F08 (LK),机物料,"Linh kiện sản xuất  khác
其它类别",F0810,mặt nạ bàn ủi小烫靴（大号）（熨斗靴）,F0810034,,,,,,,,,,,,,,,,,,,,,
F08 (LK),机物料,"Linh kiện sản xuất  khác
其它类别",F0810,van cầu hơi 42mm 不锈钢高温蒸汽截止阀,F0810035,,,,,,,,,,,,,,,,,,,,,
F08 (LK),机物料,"Linh kiện sản xuất  khác
其它类别",F0810,cò nhấn bàn ủi 熨斗按压杆,F0810036,,,,,,,,,,,,,,,,,,,,,
F08 (LK),机物料,"Linh kiện sản xuất  khác
其它类别",F0810,vải lót bàn ủi 烫台布 ,F0810037,,,,,,,,,,,,,,,,,,,,,
F08 (LK),机物料,"Linh kiện sản xuất  khác
其它类别",F0810,bàn ủi hơi 烫斗,F0810038,,,,,,,,,,,,,,,,,,,,,
F08 (LK),机物料,"Linh kiện sản xuất  khác
其它类别",F0810,phấn thỏ trắng 白色粉笔,F0810039,,,,,,,,,,,,,,,,,,,,,
F08 (LK),机物料,"Linh kiện sản xuất  khác
其它类别",F0810,phấn rôm 50g 爽身粉,F0810040,,,,,,,,,,,,,,,,,,,,,
F08 (LK),机物料,"Linh kiện sản xuất  khác
其它类别",F0810,ống inox 5*15*150cm k hoa don 不锈钢管,F0810041,,,,,,,,,,,,,,,,,,,,,
F08 (LK),机物料,"Linh kiện sản xuất  khác
其它类别",F0810,chân bánh xe máy may 衣车脚轮（方向轮）,F0810042,,,,,,,,,,,,,,,,,,,,,
F08 (LK),机物料,"Linh kiện sản xuất  khác
其它类别",F0810,cao su đánh suốt máy 1 kim 绕线胶圈,F0810043,,,,,,,,,,,,,,,,,,,,,
F08 (LK),机物料,"Linh kiện sản xuất  khác
其它类别",F0810,thước dây  19mm 皮尺,F0810044,,,,,,,,,,,,,,,,,,,,,
F08 (LK),机物料,"Linh kiện sản xuất  khác
其它类别",F0810,công tắc hành trình 行程开关15A,F0810045,,,,,,,,,,,,,,,,,,,,,
F08 (LK),机物料,"Linh kiện sản xuất  khác
其它类别",F0810,công tắc hành trình 行程开关103V,F0810046,,,,,,,,,,,,,,,,,,,,,
F08 (LK),机物料,"Linh kiện sản xuất  khác
其它类别",F0810,活页袋 bìa nút A4,F0810047,,,,,,,,,,,,,,,,,,,,,
F08 (LK),机物料,"Linh kiện sản xuất  khác
其它类别",F0810,Bàn chải đánh răng 牙刷,F0810048,,,,,,,,,,,,,,,,,,,,,
F08 (LK),机物料,"Linh kiện sản xuất  khác
其它类别",F0810,ổ cắm điện cho chuyền 插座(车间用）,F0810049,,,,,,,,,,,,,,,,,,,,,
F08 (LK),机物料,"Linh kiện sản xuất  khác
其它类别",F0810,phấn rôm size lớn 爽身粉 (380G),F0810050,,,,,,,,,,,,,,,,,,,,,
F08 (LK),机物料,"Linh kiện sản xuất  khác
其它类别",F0810,hộp mực in 35/85A( XNK) 打印机黑水,F0810051,,,,,,,,,,,,,,,,,,,,,
F08 (LK),机物料,"Linh kiện sản xuất  khác
其它类别",F0810,sáp chà bàn ủi 烫斗擦蜡,F0810052,,,,,,,,,,,,,,,,,,,,,
F08 (LK),机物料,"Linh kiện sản xuất  khác
其它类别",F0810,xịt RP7 多用途润滑剂 RP7,F0810053,,,,,,,,,,,,,,,,,,,,,
F08 (LK),机物料,"Linh kiện sản xuất  khác
其它类别",F0810,công tắc bàn ủi 烫斗开关,F0810054,,,,,,,,,,,,,,,,,,,,,
F08 (LK),机物料,"Linh kiện sản xuất  khác
其它类别",F0810,bao tay vải 布手套,F0810055,,,,,,,,,,,,,,,,,,,,,
F08 (LK),机物料,"Linh kiện sản xuất  khác
其它类别",F0810,vít tôn 5F 自攻丝,F0810056,,,,,,,,,,,,,,,,,,,,,
F08 (LK),机物料,"Linh kiện sản xuất  khác
其它类别",F0810,Bồn nhựa 2000L 储油桶,F0810057,,,,,,,,,,,,,,,,,,,,,
F08 (LK),机物料,"Linh kiện sản xuất  khác
其它类别",F0810,Đèn cần máy may ánh sáng tím  紫光车头灯,F0810058,,,,,,,,,,,,,,,,,,,,,
F08 (LK),机物料,"Linh kiện sản xuất  khác
其它类别",F0810,dây curoa A85 皮带,F0810059,,,,,,,,,,,,,,,,,,,,,
F08 (LK),机物料,"Linh kiện sản xuất  khác
其它类别",F0810,kẹp vải 8cm 布夹子,F0810060,,,,,,,,,,,,,,,,,,,,,
F08 (LK),机物料,"Linh kiện sản xuất  khác
其它类别",F0810,"dây thun trung 橡皮筋
",F0810061,,,,,,,,,,,,,,,,,,,,,
F08 (LK),机物料,"Linh kiện sản xuất  khác
其它类别",F0810,đạn nhựa 1inch  枪针 (黑色）,F0810062,,,,,,,,,,,,,,,,,,,,,
F08 (LK),机物料,"Linh kiện sản xuất  khác
其它类别",F0810,đạn nhựa 2inch 枪针(黑色）,F0810063,,,,,,,,,,,,,,,,,,,,,
F08 (LK),机物料,"Linh kiện sản xuất  khác
其它类别",F0810,đạn nhựa 3inch 枪针(黑色）,F0810064,,,,,,,,,,,,,,,,,,,,,
F08 (LK),机物料,"Linh kiện sản xuất  khác
其它类别",F0810,đạn nhựa 1inch  枪针（白色）,F0810062,,,,,,,,,,,,,,,,,,,,,
F08 (LK),机物料,"Linh kiện sản xuất  khác
其它类别",F0810,đạn nhựa 2inch 枪针（白色）,F0810063,,,,,,,,,,,,,,,,,,,,,
F08 (LK),机物料,"Linh kiện sản xuất  khác
其它类别",F0810,đạn nhựa 3inch 枪针（白色）,F0810064,,,,,,,,,,,,,,,,,,,,,
F08 (LK),机物料,"Linh kiện sản xuất  khác
其它类别",F0810,bánh xe máy may 脚轮,F0810065,,,,,,,,,,,,,,,,,,,,,
F08 (LK),机物料,"Linh kiện sản xuất  khác
其它类别",F0810,chai vệ sinh máy cắt 自动裁床清洁剂（清洁剂）,F0810066,,,,,,,,,,,,,,,,,,,,,
F08 (LK),机物料,"Linh kiện sản xuất  khác
其它类别",F0810,cùi móc kansai đầu túm  下弯针座,F0810067,,,,,,,,,,,,,,,,,,,,,
F08 (LK),机物料,"Linh kiện sản xuất  khác
其它类别",F0810,bạc đạn 6205轴承,F0810068,,,,,,,,,,,,,,,,,,,,,
F08 (LK),机物料,"Linh kiện sản xuất  khác
其它类别",F0810,bánh xe có đế 脚轮,F0810069,,,,,,,,,,,,,,,,,,,,,
F08 (LK),机物料,"Linh kiện sản xuất  khác
其它类别",F0810,kéo lớn 大剪刀,F0810070,,,,,,,,,,,,,,,,,,,,,
F08 (LK),机物料,"Linh kiện sản xuất  khác
其它类别",F0810,thuyền 1 kim 单针梭壳(1790梭壳),F0810071,,,,,,,,,,,,,,,,,,,,,
F08 (LK),机物料,"Linh kiện sản xuất  khác
其它类别",F0810,chai xịt 喷水壶,F0810072,,,,,,,,,,,,,,,,,,,,,
F08 (LK),机物料,"Linh kiện sản xuất  khác
其它类别",F0810,"vải lót bàn ủi (bóng)烫台布 (光滑)
",F0810073,,,,,,,,,,,,,,,,,,,,,
F08 (LK),机物料,"Linh kiện sản xuất  khác
其它类别",F0810,dây bàn ủi 3m 烫斗气管,F0810074,,,,,,,,,,,,,,,,,,,,,
F08 (LK),机物料,"Linh kiện sản xuất  khác
其它类别",F0810,thanh thiếc hàn  焊锡条 ,F0810075,,,,,,,,,,,,,,,,,,,,,
F08 (LK),机物料,"Linh kiện sản xuất  khác
其它类别",F0810,Mực Shiny đánh số máy giấy 号码印油,F0810076,,,,,,,,,,,,,,,,,,,,,
F08 (LK),机物料,"Linh kiện sản xuất  khác
其它类别",F0810,vải không dệt 无纺布,F0810077,,,,,,,,,,,,,,,,,,,,,
F08 (LK),机物料,"Linh kiện sản xuất  khác
其它类别",F0810,hộp mực in HP 45 打印机黑水,F0810078,,,,,,,,,,,,,,,,,,,,,
F08 (LK),机物料,"Linh kiện sản xuất  khác
其它类别",F0810,Móc kansai Siruba đầu bằng  绷缝机下弯针,F0810079,,,,,,,,,,,,,,,,,,,,,
F08 (LK),机物料,"Linh kiện sản xuất  khác
其它类别",F0810,"Bàn lừa trước, sau 绷缝机前后送布牙",F0810080,,,,,,,,,,,,,,,,,,,,,
F08 (LK),机物料,"Linh kiện sản xuất  khác
其它类别",F0810,Mặt nguyệt kansai SiRuBa đầu bằng  绷缝机针板,F0810081,,,,,,,,,,,,,,,,,,,,,
F08 (LK),机物料,"Linh kiện sản xuất  khác
其它类别",F0810,đầu cắm dây hơi 8 li 接头,F0810082,,,,,,,,,,,,,,,,,,,,,
F08 (LK),机物料,"Linh kiện sản xuất  khác
其它类别",F0810,van tiết lưu khí nén 气节流阀,F0810083,,,,,,,,,,,,,,,,,,,,,
F08 (LK),机物料,"Linh kiện sản xuất  khác
其它类别",F0810,"Đầu nối răng ngoài ra ống 8 li 
外螺纹直通快速接头 - 8mm",F0810084,,,,,,,,,,,,,,,,,,,,,
F08 (LK),机物料,"Linh kiện sản xuất  khác
其它类别",F0810,túi nilong có quai 手提塑料袋 ,F0810085,,,,,,,,,,,,,,,,,,,,,
F08 (LK),机物料,"Linh kiện sản xuất  khác
其它类别",F0810,túi nilong không quai 平口塑胶袋,F0810086,,,,,,,,,,,,,,,,,,,,,
F08 (LK),机物料,"Linh kiện sản xuất  khác
其它类别",F0810,đèn máy may衣车灯,F0810087,,,,,,,,,,,,,,,,,,,,,
F08 (LK),机物料,"Linh kiện sản xuất  khác
其它类别",F0810,Dây hàn 电线,F0810088,,,,,,,,,,,,,,,,,,,,,
F08 (LK),机物料,"Linh kiện sản xuất  khác
其它类别",F0810,Chân vịt nhún thun 1/4 平车松紧带压脚 1/4,F0810089,,,,,,,,,,,,,,,,,,,,,
F08 (LK),机物料,"Linh kiện sản xuất  khác
其它类别",F0810,Đầu chia 8 ly 气管三通,F0810090,,,,,,,,,,,,,,,,,,,,,
F08 (LK),机物料,"Linh kiện sản xuất  khác
其它类别",F0810,Mực máy in máy in 3 liên  针孔打印机黑盒,F0810091,,,,,,,,,,,,,,,,,,,,,
F08 (LK),机物料,"Linh kiện sản xuất  khác
其它类别",F0810,dây đai buộc thùng (trắng) 封箱带,F0810092,,,,,,,,,,,,,,,,,,,,,
F08 (LK),机物料,"Linh kiện sản xuất  khác
其它类别",F0810,bàn chải 刷子,F0810093,,,,,,,,,,,,,,,,,,,,,
F08 (LK),机物料,"Linh kiện sản xuất  khác
其它类别",F0810,Đèn led dấu trừ 直线激光灯,F0810094,,,,,,,,,,,,,,,,,,,,,
F08 (LK),机物料,"Linh kiện sản xuất  khác
其它类别",F0810,ruột bút bạc中性水银笔(银笔)-笔芯,F0810095,,,,,,,,,,,,,,,,,,,,,
F08 (LK),机物料,"Linh kiện sản xuất  khác
其它类别",F0810,Dao cắt răng cưa 6 inch 电剪刀波刀刀片,F0810096,,,,,,,,,,,,,,,,,,,,,
F08 (LK),机物料,"Linh kiện sản xuất  khác
其它类别",F0810,mũi khoan máy fom tay 3mm 手动模板开槽机钻头,F0810097,,,,,,,,,,,,,,,,,,,,,
F08 (LK),机物料,"Linh kiện sản xuất  khác
其它类别",F0810,"chân vịt 2 kim 1/8 mí phải 1 ly + Cự ly 2 kim 1/8 di động
  双针车右傍压脚+ 双针车双跳针位",F0810097,,,,,,,,,,,,,,,,,,,,,
F08 (LK),机物料,"Linh kiện sản xuất  khác
其它类别",F0810,ốc đầu dù 2cm 带钻自攻螺丝(螺丝),F0810098,,,,,,,,,,,,,,,,,,,,,
F08 (LK),机物料,"Linh kiện sản xuất  khác
其它类别",F0810,bát chữ L 5cm 90度角码,F0810099,,,,,,,,,,,,,,,,,,,,,
F08 (LK),机物料,"Linh kiện sản xuất  khác
其它类别",F0810,kẽm cách nhiệt 0.6mm电热丝,F0810100,,,,,,,,,,,,,,,,,,,,,
F08 (LK),机物料,"Linh kiện sản xuất  khác
其它类别",F0810,súng xịt hơi 气枪,F0810101,,,,,,,,,,,,,,,,,,,,,
F08 (LK),机物料,"Linh kiện sản xuất  khác
其它类别",F0810,bàn lừa nhựa 胶牙,F0810102,,,,,,,,,,,,,,,,,,,,,
F08 (LK),机物料,"Linh kiện sản xuất  khác
其它类别",F0810,suốt 2 kim 双针车梳芯,F0810103,,,,,,,,,,,,,,,,,,,,,
F08 (LK),机物料,"Linh kiện sản xuất  khác
其它类别",F0810,thùng nhớt máy nén khí 压缩机油,F0810104,,,,,,,,,,,,,,,,,,,,,
F08 (LK),机物料,"Linh kiện sản xuất  khác
其它类别",F0810,Kim táo vắt sổ 4 chỉ KINGTEX 宝狮四线拷边机针头,F0810105,,,,,,,,,,,,,,,,,,,,,
F08 (LK),机物料,"Linh kiện sản xuất  khác
其它类别",F0810,ốc dù bắt cử 定位螺丝,F0810106,,,,,,,,,,,,,,,,,,,,,
F08 (LK),机物料,"Linh kiện sản xuất  khác
其它类别",F0810,dây điện  cho máy cắt đứng 电源线,F0810107,,,,,,,,,,,,,,,,,,,,,
F08 (LK),机物料,"Linh kiện sản xuất  khác
其它类别",F0810,"Inox 304 làm cử viền 0,3mm 不锈钢薄板",F0810108,,,,,,,,,,,,,,,,,,,,,
F08 (LK),机物料,"Linh kiện sản xuất  khác
其它类别",F0810,vòng nhựa 1 kim 滚轮压脚的胶圈,F0810109,,,,,,,,,,,,,,,,,,,,,
F08 (LK),机物料,"Linh kiện sản xuất  khác
其它类别",F0810,Lò xo (súng bắn tẩy A-15 ()YH-170) 弹簧 (去污喷枪气缸组件)  ,F0810110,,,,,,,,,,,,,,,,,,,,,
F08 (LK),机物料,"Linh kiện sản xuất  khác
其它类别",F0810,mực bút lông dầu （màu xanh） 记号笔的墨水(蓝色）,F0810111,,,,,,,,,,,,,,,,,,,,,
F08 (LK),机物料,"Linh kiện sản xuất  khác
其它类别",F0810,"Thuyền 1 Kim Điện Tử Hiệu Towa No.Bc-Db1-Nbl6
TOWA 梭壳",F0810112,,,,,,,,,,,,,,,,,,,,,
F08 (LK),机物料,"Linh kiện sản xuất  khác
其它类别",F0810,"Suốt 1 Kim No.55623A
梭芯（100个/盒）",F0810113,,,,,,,,,,,,,,,,,,,,,
F08 (LK),机物料,"Linh kiện sản xuất  khác
其它类别",F0810,"Mouse 1000x5x2mm
模板定位条 1000x5x2mm",F0810114,,,,,,,,,,,,,,,,,,,,,
F08 (LK),机物料,"Linh kiện sản xuất  khác
其它类别",F0810,"Tấm lót bằng cao su xốp dùng cho máy may công nghiệp 
1500X800X12MM, màu trắng 烫台垫 1500x800x12mm",F0810115,,,,,,,,,,,,,,,,,,,,,
F08 (LK),机物料,"Linh kiện sản xuất  khác
其它类别",F0810,Chai xịt cứng vải 821 布边防松脱剂,F0810116,,,,,,,,,,,,,,,,,,,,,
F08 (LK),机物料,Giấy纸类,F0811,Giấy đánh số 裁床编码标签纸(裁床用),F0811001,,,,,,,,,,,,,,,,,,,,,
F09 ( VPP),"văn phòng phẩm
办公文具",Kim bấm针,F0901,Kim bấm 订书针,F0901001,,,,,,,,,,,,,,,,,,,,,
F09 ( VPP),"văn phòng phẩm
办公文具",Kim bấm针,F0901,Đồ gỡ kim 起钉器,F0901002,,,,,,,,,,,,,,,,,,,,,
F09 ( VPP),"văn phòng phẩm
办公文具",Kim bấm针,F0901,Đồ bấm kim 订书机,F0901003,,,,,,,,,,,,,,,,,,,,,
F09 ( VPP),"văn phòng phẩm
办公文具",Kim bấm针,F0901,Bấm 2 lỗ EG 837 纸张打孔器,F0901004,,,,,,,,,,,,,,,,,,,,,
F09 ( VPP),"văn phòng phẩm
办公文具",Kim bấm针,F0901,Kim bấm lớn 23/13 订书针 (大）23/13,F0901005,,,,,,,,,,,,,,,,,,,,,
F09 ( VPP),"văn phòng phẩm
办公文具",Kim bấm针,F0901,Bấm 2 lỗ KW - 978 30 tờ 纸张打孔器 (30 页）,F0901006,,,,,,,,,,,,,,,,,,,,,
F09 ( VPP),"văn phòng phẩm
办公文具",Kim bấm针,F0901,máy bấm kim 订书机 (大）,F0901007,,,,,,,,,,,,,,,,,,,,,
F09 ( VPP),"văn phòng phẩm
办公文具",Bìa - file文件夹,F0902,Ruột file thường 文件内页（软）(bìa lá lỗ),F0902001,,,,,,,,,,,,,,,,,,,,,
F09 ( VPP),"văn phòng phẩm
办公文具",Bìa - file文件夹,F0902,Bìa lá 塑胶文件夹,F0902002,,,,,,,,,,,,,,,,,,,,,
F09 ( VPP),"văn phòng phẩm
办公文具",Bìa - file文件夹,F0902,Bìa 1 nút Myclear F4 / 单口文件袋A4,F0902003,,,,,,,,,,,,,,,,,,,,,
F09 ( VPP),"văn phòng phẩm
办公文具",Bìa - file文件夹,F0902,Bìa còng tròn 2F5 nhựa A4 活页夹,F0902004,,,,,,,,,,,,,,,,,,,,,
F09 ( VPP),"văn phòng phẩm
办公文具",Bìa - file文件夹,F0902,File còng đựng hồ sơ 件夹（大）,F0902005,,,,,,,,,,,,,,,,,,,,,
F09 ( VPP),"văn phòng phẩm
办公文具",Bìa - file文件夹,F0902,Bìa Ép Plastic A4过塑,F0902006,,,,,,,,,,,,,,,,,,,,,
F09 ( VPP),"văn phòng phẩm
办公文具",Bìa - file文件夹,F0902,Bìa acco  塑胶文件夹,F0902007,,,,,,,,,,,,,,,,,,,,,
F09 ( VPP),"văn phòng phẩm
办公文具",Bìa - file文件夹,F0902,File trình ký 签字文件夹,F0902008,,,,,,,,,,,,,,,,,,,,,
F09 ( VPP),"văn phòng phẩm
办公文具",Bìa - file文件夹,F0902,Bìa hồ sơ 50 lá A4 活页资料册 50页,F0902009,,,,,,,,,,,,,,,,,,,,,
F09 ( VPP),"văn phòng phẩm
办公文具",Bìa - file文件夹,F0903,Bìa kiếng A4 封面膠片A4,F0902010,,,,,,,,,,,,,,,,,,,,,
F09 ( VPP),"văn phòng phẩm
办公文具",Viết笔,F0903,Viết xóa kéo 修正液,F0903001,,,,,,,,,,,,,,,,,,,,,
F09 ( VPP),"văn phòng phẩm
办公文具",Viết笔,F0903,Bút xóa nước 修正液,F0903002,,,,,,,,,,,,,,,,,,,,,
F09 ( VPP),"văn phòng phẩm
办公文具",Viết笔,F0903,Viết chì 铅笔,F0903003,,,,,,,,,,,,,,,,,,,,,
F09 ( VPP),"văn phòng phẩm
办公文具",Viết笔,F0903,Bút dạ quang 荧光笔,F0903004,,,,,,,,,,,,,,,,,,,,,
F09 ( VPP),"văn phòng phẩm
办公文具",Viết笔,F0903,bút lông dầu  đen 记号笔,F0903005,,,,,,,,,,,,,,,,,,,,,
F09 ( VPP),"văn phòng phẩm
办公文具",Viết笔,F0903,bút lông bảng 白板笔,F0903006,,,,,,,,,,,,,,,,,,,,,
F09 ( VPP),"văn phòng phẩm
办公文具",Viết笔,F0903,Viết  Bi Xanh  圆珠笔（蓝色）,F0903007,,,,,,,,,,,,,,,,,,,,,
F09 ( VPP),"văn phòng phẩm
办公文具",Viết笔,F0903,bút lông dầu đầu nhỏ 小记号笔,F0903008,,,,,,,,,,,,,,,,,,,,,
F09 ( VPP),"văn phòng phẩm
办公文具",Kẹp夹子,F0904,Kẹp bướm nhỏ 15mm 长尾夹15mm,F0904001,,,,,,,,,,,,,,,,,,,,,
F09 ( VPP),"văn phòng phẩm
办公文具",Kẹp夹子,F0904,Kẹp bướm trung 25mm长尾夹25mm,F0904002,,,,,,,,,,,,,,,,,,,,,
F09 ( VPP),"văn phòng phẩm
办公文具",Kẹp夹子,F0904,Kẹp bướm lớn(大）长尾夹 32 mm ,F0904003,,,,,,,,,,,,,,,,,,,,,
F09 ( VPP),"văn phòng phẩm
办公文具",Kẹp夹子,F0904,kẹp giấy 回形针,F0904004,,,,,,,,,,,,,,,,,,,,,
F09 ( VPP),"văn phòng phẩm
办公文具",Kẹp夹子,F0904,Ghim kẹp C32 inox 回形针,F0904005,,,,,,,,,,,,,,,,,,,,,
F09 ( VPP),"văn phòng phẩm
办公文具",Kẹp夹子,F0904,Kẹp bướm lớn (大）51mm 长尾夹51mm,F0904006,,,,,,,,,,,,,,,,,,,,,
F09 ( VPP),"văn phòng phẩm
办公文具",Kẹp夹子,F0904,Kẹp bướm lớn 41mm 长尾夹41mm,F0904007,,,,,,,,,,,,,,,,,,,,,
F09 ( VPP),"văn phòng phẩm
办公文具",Kẹp夹子,F0904,Nẹp acco nhựa UNI 塑料装订夹,F0904007,,,,,,,,,,,,,,,,,,,,,
F09 ( VPP),"văn phòng phẩm
办公文具",Bao Thư信封,F0905,Bao Thư Trắng A4( 25 X 35),F0905001,,,,,,,,,,,,,,,,,,,,,
F09 ( VPP),"văn phòng phẩm
办公文具",Bao Thư信封,F0905,Bao Thư Trắng ( 12 X 22) 小信封,F0905002,,,,,,,,,,,,,,,,,,,,,
F09 ( VPP),"văn phòng phẩm
办公文具",Bao Thư信封,F0905,Bao Thư Trắng ( 25 X 35) 大信封,F0905003,,,,,,,,,,,,,,,,,,,,,
F09 ( VPP),"văn phòng phẩm
办公文具",Giấy纸类,F0906,Giấy vệ sinh cuộn  纸巾（卷）,F0906001,,,,,,,,,,,,,,,,,,,,,
F09 ( VPP),"văn phòng phẩm
办公文具",Giấy纸类,F0906,Tem dán Tommy 標籤,F0906002,,,,,,,,,,,,,,,,,,,,,
F09 ( VPP),"văn phòng phẩm
办公文具",Giấy纸类,F0906,Giấy A4 A4纸,F0906003,,,,,,,,,,,,,,,,,,,,,
F09 ( VPP),"văn phòng phẩm
办公文具",Giấy纸类,F0906,giấy cứng màu A4,F0906004,,,,,,,,,,,,,,,,,,,,,
F09 ( VPP),"văn phòng phẩm
办公文具",Giấy纸类,F0906,giấy A3 A3纸,F0906005,,,,,,,,,,,,,,,,,,,,,
F09 ( VPP),"văn phòng phẩm
办公文具",Giấy纸类,F0906,"Giấy note vàng 2* 1,5 VN 便签纸
 (38mmx51mm) (Beautone)",F0906006,,,,,,,,,,,,,,,,,,,,,
F09 ( VPP),"văn phòng phẩm
办公文具",Giấy纸类,F0906,Khăn giấy hộp 纸巾盒,F0906007,,,,,,,,,,,,,,,,,,,,,
F09 ( VPP),"văn phòng phẩm
办公文具",Giấy纸类,F0906,giấy decal trắng đế vàng  A4 贴纸（办公文具）,F0906008,,,,,,,,,,,,,,,,,,,,,
F09 ( VPP),"văn phòng phẩm
办公文具",Giấy纸类,F0906,giấy da bò 牛皮纸（牛卡纸),F0906009,,,,,,,,,,,,,,,,,,,,,
F09 ( VPP),"văn phòng phẩm
办公文具",Giấy纸类,F0906,Giấy note trình ký 5 màu ( nhựa ) 箭头便利贴,F0906010,,,,,,,,,,,,,,,,,,,,,
F09 ( VPP),"văn phòng phẩm
办公文具",Giấy纸类,F0906,giấy decal A4 màu  A4 贴纸（蓝色，橙色）,F0906011,,,,,,,,,,,,,,,,,,,,,
F09 ( VPP),"văn phòng phẩm
办公文具",Dụng cụ vệ sinh清洁用品,F0907,"Chổi cước quét nước nhà vệ sinh
厕所刮水扫把 ",F0907001,,,,,,,,,,,,,,,,,,,,,
F09 ( VPP),"văn phòng phẩm
办公文具",Dụng cụ vệ sinh清洁用品,F0907,Đồ hốt rác có tay cầm loại dài 长柄簸箕,F0907002,,,,,,,,,,,,,,,,,,,,,
F09 ( VPP),"văn phòng phẩm
办公文具",Dụng cụ vệ sinh清洁用品,F0907,Lau kính gift 540ml 玻璃清洁剂,F0907003,,,,,,,,,,,,,,,,,,,,,
F09 ( VPP),"văn phòng phẩm
办公文具",Dụng cụ vệ sinh清洁用品,F0907,Tẩy Gift 马桶清洁剂,F0907004,,,,,,,,,,,,,,,,,,,,,
F09 ( VPP),"văn phòng phẩm
办公文具",Dụng cụ vệ sinh清洁用品,F0907,Chổi cỏ  扫把,F0907005,,,,,,,,,,,,,,,,,,,,,
F09 ( VPP),"văn phòng phẩm
办公文具",Dụng cụ vệ sinh清洁用品,F0907,Bột giặt 洗衣粉,F0907006,,,,,,,,,,,,,,,,,,,,,
F09 ( VPP),"văn phòng phẩm
办公文具",Dụng cụ vệ sinh清洁用品,F0907,chổi lông gà 60cm  鸡毛掸子,F0907007,,,,,,,,,,,,,,,,,,,,,
F09 ( VPP),"văn phòng phẩm
办公文具",Dụng cụ vệ sinh清洁用品,F0907,Túi rác loại trung 垃圾袋（中）,F0907008,,,,,,,,,,,,,,,,,,,,,
F09 ( VPP),"văn phòng phẩm
办公文具",Dụng cụ vệ sinh清洁用品,F0907,găng tay 塑胶手套,F0907009,,,,,,,,,,,,,,,,,,,,,
F09 ( VPP),"văn phòng phẩm
办公文具",Dụng cụ vệ sinh清洁用品,F0907,nước giặt omo 洗衣液,F0907010,,,,,,,,,,,,,,,,,,,,,
F09 ( VPP),"văn phòng phẩm
办公文具",Dụng cụ vệ sinh清洁用品,F0907,chât thông bồn cầu 管道疏通剂（清洁剂）,F0907011,,,,,,,,,,,,,,,,,,,,,
F09 ( VPP),"văn phòng phẩm
办公文具",Dụng cụ vệ sinh清洁用品,F0907,chai tẩy vim 马桶清洁剂,F0907012,,,,,,,,,,,,,,,,,,,,,
F09 ( VPP),"văn phòng phẩm
办公文具",Dụng cụ vệ sinh清洁用品,F0907,Gạt nước 地板刮水器,F0907013,,,,,,,,,,,,,,,,,,,,,
F09 ( VPP),"văn phòng phẩm
办公文具",Dụng cụ vệ sinh清洁用品,F0907,nước tẩy javel 彩漂液,F0907014,,,,,,,,,,,,,,,,,,,,,
F09 ( VPP),"văn phòng phẩm
办公文具",Dụng cụ vệ sinh清洁用品,F0907,nước rửa tay 洗手液,F0907015,,,,,,,,,,,,,,,,,,,,,
F09 ( VPP),"văn phòng phẩm
办公文具",Dụng cụ vệ sinh清洁用品,F0907,Nước lau sàn 地板清洁剂 ,F0907016,,,,,,,,,,,,,,,,,,,,,
F09 ( VPP),"văn phòng phẩm
办公文具",Dụng cụ vệ sinh清洁用品,F0907,Xịt phòng Spring 除臭喷雾,F0907017,,,,,,,,,,,,,,,,,,,,,
F09 ( VPP),"văn phòng phẩm
办公文具",Dụng cụ vệ sinh清洁用品,F0907,cọ toilet 马桶刷,F0907018,,,,,,,,,,,,,,,,,,,,,
F09 ( VPP),"văn phòng phẩm
办公文具",Khác 其它,F0908,Phiếu xuất kho A4 出库单,F0908001,,,,,,,,,,,,,,,,,,,,,
F09 ( VPP),"văn phòng phẩm
办公文具",Khác 其它,F0908,Tập 100 trang 本子（100页）,F0908002,,,,,,,,,,,,,,,,,,,,,
F09 ( VPP),"văn phòng phẩm
办公文具",Khác 其它,F0908,Tập 96 trang 本子（96页）,F0908003,,,,,,,,,,,,,,,,,,,,,
F09 ( VPP),"văn phòng phẩm
办公文具",Khác 其它,F0908,Cắt keo văn phòng nhỏ 胶带切割器,F0908004,,,,,,,,,,,,,,,,,,,,,
F09 ( VPP),"văn phòng phẩm
办公文具",Khác 其它,F0908,Kéo cắt VP 办公室剪刀,F0908005,,,,,,,,,,,,,,,,,,,,,
F09 ( VPP),"văn phòng phẩm
办公文具",Khác 其它,F0908,Bao thẻ đeo 厂卡袋子,F0908006,,,,,,,,,,,,,,,,,,,,,
F09 ( VPP),"văn phòng phẩm
办公文具",Khác 其它,F0908,Thẻ đeo ( vỏ thẻ + đồ kẹp ) 厂卡袋子,F0908007,,,,,,,,,,,,,,,,,,,,,
F09 ( VPP),"văn phòng phẩm
办公文具",Khác 其它,F0908,Pin 2A 电池2A,F0908008,,,,,,,,,,,,,,,,,,,,,
F09 ( VPP),"văn phòng phẩm
办公文具",Khác 其它,F0908,Pin 3A 电池3A,F0908009,,,,,,,,,,,,,,,,,,,,,
F09 ( VPP),"văn phòng phẩm
办公文具",Khác 其它,F0908,soc ro nhua 25.7 cm x 25.2 cm 垃圾箩筐,F0908010,,,,,,,,,,,,,,,,,,,,,
F09 ( VPP),"văn phòng phẩm
办公文具",Khác 其它,F0908,Sọt rác nhựa 43*46 垃圾筐 xanh lá cây,F0908011,,,,,,,,,,,,,,,,,,,,,
F09 ( VPP),"văn phòng phẩm
办公文具",Khác 其它,F0908,Thước nhựa cây 30cm 塑胶尺,F0908012,,,,,,,,,,,,,,,,,,,,,
F09 ( VPP),"văn phòng phẩm
办公文具",Khác 其它,F0908,Kệ 1 ngăn 文件座（单格）,F0908013,,,,,,,,,,,,,,,,,,,,,
F09 ( VPP),"văn phòng phẩm
办公文具",Khác 其它,F0908,Kệ 3 ngăn 文件座（三格）,F0908014,,,,,,,,,,,,,,,,,,,,,
F09 ( VPP),"văn phòng phẩm
办公文具",Khác 其它,F0908,Máy tính nhỏ 小计算机,F0908015,,,,,,,,,,,,,,,,,,,,,
F09 ( VPP),"văn phòng phẩm
办公文具",Khác 其它,F0908,bảng viết cho chuyền 81*109 (có tiêu đề),F0908016,,,,,,,,,,,,,,,,,,,,,
F09 ( VPP),"văn phòng phẩm
办公文具",Khác 其它,F0908,bản viêt kèm kệ 140*120cm,F0908017,,,,,,,,,,,,,,,,,,,,,
F09 ( VPP),"văn phòng phẩm
办公文具",Khác 其它,F0908,Đồ chuốt viết chì  卷笔刀,F0908018,,,,,,,,,,,,,,,,,,,,,
F09 ( VPP),"văn phòng phẩm
办公文具",Khác 其它,F0908,Gôm Thiên Long E02 皮擦,F0908019,,,,,,,,,,,,,,,,,,,,,
F09 ( VPP),"văn phòng phẩm
办公文具",Khác 其它,F0908,thùng nhựa 塑料水桶,F0908020,,,,,,,,,,,,,,,,,,,,,
F09 ( VPP),"văn phòng phẩm
办公文具",Khác 其它,F0908,then chốt cài cửa 门锁插销,F0908021,,,,,,,,,,,,,,,,,,,,,
F09 ( VPP),"văn phòng phẩm
办公文具",Khác 其它,F0908,bảng đứng trắng 120 x 120 白板,F0908022,,,,,,,,,,,,,,,,,,,,,
F09 ( VPP),"văn phòng phẩm
办公文具",Khác 其它,F0908,垃圾桶 （中）thùng rác trung,F0908023,,,,,,,,,,,,,,,,,,,,,
F09 ( VPP),"văn phòng phẩm
办公文具",Khác 其它,F0908,Quạt đứng 电风扇（落地扇）,F0908024,,,,,,,,,,,,,,,,,,,,,
F09 ( VPP),"văn phòng phẩm
办公文具",Khác 其它,F0908,nút điều chỉnh quạt 风扇调速器,F0908025,,,,,,,,,,,,,,,,,,,,,
F09 ( VPP),"văn phòng phẩm
办公文具",Khác 其它,F0908,thùng rác lớn 垃圾桶 （大）,F0908026,,,,,,,,,,,,,,,,,,,,,
F09 ( VPP),"văn phòng phẩm
办公文具",Khác 其它,F0908,thước sắt 30cm 钢尺,F0908027,,,,,,,,,,,,,,,,,,,,,
F09 ( VPP),"văn phòng phẩm
办公文具",Khác 其它,F0908,chén 饭碗,F0908028,,,,,,,,,,,,,,,,,,,,,
F09 ( VPP),"văn phòng phẩm
办公文具",Khác 其它,F0908,dĩa vừa 餐盘（中）,F0908029,,,,,,,,,,,,,,,,,,,,,
F09 ( VPP),"văn phòng phẩm
办公文具",Khác 其它,F0908,dĩa to餐盘（大）,F0908030,,,,,,,,,,,,,,,,,,,,,
F09 ( VPP),"văn phòng phẩm
办公文具",Khác 其它,F0908,chén nước chấm 蘸料碗,F0908031,,,,,,,,,,,,,,,,,,,,,
F09 ( VPP),"văn phòng phẩm
办公文具",Khác 其它,F0908,Đũa 筷子,F0908032,,,,,,,,,,,,,,,,,,,,,
F09 ( VPP),"văn phòng phẩm
办公文具",Khác 其它,F0908,muỗng 勺子,F0908033,,,,,,,,,,,,,,,,,,,,,
F09 ( VPP),"văn phòng phẩm
办公文具",Khác 其它,F0908,Nĩa innox 餐叉,F0908034,,,,,,,,,,,,,,,,,,,,,
F09 ( VPP),"văn phòng phẩm
办公文具",Khác 其它,F0908,nĩa nhựa 水果叉,F0908035,,,,,,,,,,,,,,,,,,,,,
F09 ( VPP),"văn phòng phẩm
办公文具",Khác 其它,F0908,bánh xe cửa (to) 门轮,F0908036,,,,,,,,,,,,,,,,,,,,,
F09 ( VPP),"văn phòng phẩm
办公文具",Khác 其它,F0908,Ruột chì vàng 0.7mm Yoyo 铅芯,F0908037,,,,,,,,,,,,,,,,,,,,,
F09 ( VPP),"văn phòng phẩm
办公文具",Khác 其它,F0908,nước suối 矿泉水,F0908038,,,,,,,,,,,,,,,,,,,,,
F09 ( VPP),"văn phòng phẩm
办公文具",Khác 其它,F0908,Thẻ đeo ( vỏ thẻ + đồ kẹp ) 厂卡袋子,F0908039,,,,,,,,,,,,,,,,,,,,,
F09 ( VPP),"văn phòng phẩm
办公文具",Khác 其它,F0908,Bộ hồ sơ xin việc 求职档案,F0908040,,,,,,,,,,,,,,,,,,,,,
F09 ( VPP),"văn phòng phẩm
办公文具",Khác 其它,F0908,hồ dán 液体胶水,F0908041,,,,,,,,,,,,,,,,,,,,,
F09 ( VPP),"văn phòng phẩm
办公文具",Khác 其它,F0908,ghế nhựa 塑胶椅子,F0908042,,,,,,,,,,,,,,,,,,,,,
F09 ( VPP),"văn phòng phẩm
办公文具",Khác 其它,F0908,Quạt điện 电风扇,F0908043,,,,,,,,,,,,,,,,,,,,,
F09 ( VPP),"văn phòng phẩm
办公文具",Khác 其它,F0908,Gối 沉头,F0908044,,,,,,,,,,,,,,,,,,,,,
F09 ( VPP),"văn phòng phẩm
办公文具",Khác 其它,F0908,dán kính mờ 模糊纸,F0908045,,,,,,,,,,,,,,,,,,,,,
F09 ( VPP),"văn phòng phẩm
办公文具",Khác 其它,F0908,danh thiếp 名片,F0908046,,,,,,,,,,,,,,,,,,,,,
F09 ( VPP),"văn phòng phẩm
办公文具",Khác 其它,F0908,Bìa Ép Plastic A4过塑,F0908047,,,,,,,,,,,,,,,,,,,,,
F10,工具,Công cụ工具,F1001,đục lỗ 3mm 打孔器,F1001001,,,,,,,,,,,,,,,,,,,,,
F10,工具,Công cụ工具,F1001,đục lỗ 5mm 打孔器,F1001002,,,,,,,,,,,,,,,,,,,,,
F10,工具,Công cụ工具,F1001,đục lỗ 10mm 打孔器,F1001003,,,,,,,,,,,,,,,,,,,,,
F10,工具,Công cụ工具,F1001,kiềm phe 9'' 卡簧钳（cây mở nghịch）,F1001004,,,,,,,,,,,,,,,,,,,,,
F10,工具,Công cụ工具,F1001,đá cắt tay 切割刀片,F1001005,,,,,,,,,,,,,,,,,,,,,
F10,工具,Công cụ工具,F1001,keo cắt inox 10inch 不锈钢剪刀,F1001006,,,,,,,,,,,,,,,,,,,,,
F10,工具,Công cụ工具,F1001,Cụm đá mài dao máy cắt đầu bàn 断布机磨刀石,F1001007,,,,,,,,,,,,,,,,,,,,,
F10,工具,Công cụ工具,F1001,phích cắm điện电刀插座,F1001008,,,,,,,,,,,,,,,,,,,,,
F10,工具,Công cụ工具,F1001,thước gỗ 1m 一米木直尺,F1001009,,,,,,,,,,,,,,,,,,,,,
F10,工具,Công cụ工具,F1001,Vòng luồng chun 32cm 穿腰绳工具,F1001010,,,,,,,,,,,,,,,,,,,,,
F10,工具,Công cụ工具,F1001,Kéo cắt vải 12 inch 剪刀,F1001011,,,,,,,,,,,,,,,,,,,,,
F10,工具,Công cụ工具,F1001,kiềm bấm LN60 尖嘴钳,F1001012,,,,,,,,,,,,,,,,,,,,,
F10,工具,Công cụ工具,F1001,búa cao su 橡胶锤,F1001013,,,,,,,,,,,,,,,,,,,,,
F10,工具,Công cụ工具,F1001,dùi mổ vải nhựa 锥子,F1001014,,,,,,,,,,,,,,,,,,,,,
F10,工具,Công cụ工具,F1001,máy đo độ ẩm hàng hóa 湿度测试仪,F1001015,,,,,,,,,,,,,,,,,,,,,
F10,工具,Công cụ工具,F1001,kẹp vải 12cm 布夹子 12cm,F1001016,,,,,,,,,,,,,,,,,,,,,
F10,工具,Công cụ工具,F1001,đá mài dao cắt vòng 120# 磨刀（龙门刀）,F1001017,,,,,,,,,,,,,,,,,,,,,
F11,水电相关用品,"dụng cụ điện
电力相关用品",F1101,cầu chì 20A 保险丝,F1101001,,,,,,,,,,,,,,,,,,,,,
F11,水电相关用品,"dụng cụ điện
电力相关用品",F1101,Đèn năng lượng mặt trời 太阳能路灯,F1101002,,,,,,,,,,,,,,,,,,,,,
F11,水电相关用品,"dụng cụ điện
电力相关用品",F1101,bóng đèn tròn 50W 圆形灯泡,F1101003,,,,,,,,,,,,,,,,,,,,,
F11,水电相关用品,"dụng cụ điện
电力相关用品",F1101,bóng đèn led 1m2 灯管 （灯头）,F1101004,,,,,,,,,,,,,,,,,,,,,
F11,水电相关用品,"dụng cụ điện
电力相关用品",F1101,chui đèn 灯头,F1101005,,,,,,,,,,,,,,,,,,,,,
F11,水电相关用品,"dụng cụ điện
电力相关用品",F1101,CB cóc 30A 断路器,F1101006,,,,,,,,,,,,,,,,,,,,,
F11,水电相关用品,"dụng cụ điện
电力相关用品",F1101,CB cóc 50A 断路器,F1101007,,,,,,,,,,,,,,,,,,,,,
F11,水电相关用品,"dụng cụ điện
电力相关用品",F1101,hộp CB cóc 断路器盖子（开关盖子）,F1101008,,,,,,,,,,,,,,,,,,,,,
F11,水电相关用品,"dụng cụ điện
电力相关用品",F1101,Ống ruột gà PVC透明钢丝软管,F1101009,,,,,,,,,,,,,,,,,,,,,
F11,水电相关用品,"dụng cụ điện
电力相关用品",F1101,bó que hàn 2 li 5 电焊条 ,F1101010,,,,,,,,,,,,,,,,,,,,,
F11,水电相关用品,"dụng cụ điện
电力相关用品",F1101,nẹp điện 2cm 电缆线,F1101011,,,,,,,,,,,,,,,,,,,,,
F11,水电相关用品,"dụng cụ điện
电力相关用品",F1101,máng bóng đèn 灯管支架,F1101012,,,,,,,,,,,,,,,,,,,,,
F11,水电相关用品,"dụng cụ điện
电力相关用品",F1101,"ổ cắm 4 chui ( Nhật Quang),5m 播排",F1101013,,,,,,,,,,,,,,,,,,,,,
F11,水电相关用品,"dụng cụ điện
电力相关用品",F1101,băng keo điện  电工胶带 ,F1101014,,,,,,,,,,,,,,,,,,,,,
F11,水电相关用品,"dụng cụ điện
电力相关用品",F1101,dây điện 2*2.5 电源线,F1101015,,,,,,,,,,,,,,,,,,,,,
F11,水电相关用品,"dụng cụ điện
电力相关用品",F1101,dây điện 3pha 4 sợi 4.0 电源线,F1101016,,,,,,,,,,,,,,,,,,,,,
F11,水电相关用品,"dụng cụ điện
电力相关用品",F1101,dây điện 3pha 3 sợi 2.5 电源线,F1101017,,,,,,,,,,,,,,,,,,,,,
F11,水电相关用品,"dụng cụ điện
电力相关用品",F1101,"dây diện 4,0 cadivi 电源线",F1101018,,,,,,,,,,,,,,,,,,,,,
F11,水电相关用品,"dụng cụ điện
电力相关用品",F1101,dây diện 4*10 cadivi 电源线,F1101019,,,,,,,,,,,,,,,,,,,,,
F11,水电相关用品,"dụng cụ điện
电力相关用品",F1101,công tắc开关,F1101019,,,,,,,,,,,,,,,,,,,,,
F11,水电相关用品,"dụng cụ điện
电力相关用品",F1101,thanh te 8P 零接线排,F1101020,,,,,,,,,,,,,,,,,,,,,
F11,水电相关用品,"dụng cụ điện
电力相关用品",F1101,thanh te 11P sứ 2 đầu 地接线排,F1101021,,,,,,,,,,,,,,,,,,,,,
F11,水电相关用品,"dụng cụ điện
电力相关用品",F1101,vỏ tủ điện TC 配电箱,F1101022,,,,,,,,,,,,,,,,,,,,,
F11,水电相关用品,"dụng cụ điện
电力相关用品",F1101,CB 3 pha C20A 断路器,F1101023,,,,,,,,,,,,,,,,,,,,,
F11,水电相关用品,"dụng cụ điện
电力相关用品",F1101,CB 3 pha C63A 断路器,F1101024,,,,,,,,,,,,,,,,,,,,,
F11,水电相关用品,"dụng cụ điện
电力相关用品",F1101,"Dây điện đôi 1,0 电源线",F1101025,,,,,,,,,,,,,,,,,,,,,
F11,水电相关用品,"dụng cụ điện
电力相关用品",F1101,Keo bọt nở Foam 发泡剂,F1101026,,,,,,,,,,,,,,,,,,,,,
F11,水电相关用品,"dụng cụ điện
电力相关用品",F1101,"công tắc cửa cuốn 卷帘门按钮开关 
",F1101027,,,,,,,,,,,,,,,,,,,,,
F12,水电相关用品,"dụng cụ nước 02
涉水用品",F1201,co răng 21  弯头,F1201001,,,,,,,,,,,,,,,,,,,,,
F12,水电相关用品,"dụng cụ nước 02
涉水用品",F1201,ống 21 塑料管,F1201002,,,,,,,,,,,,,,,,,,,,,
F12,水电相关用品,"dụng cụ nước 02
涉水用品",F1201,keo gắn ống nhựa 管道粘合剂,F1201003,,,,,,,,,,,,,,,,,,,,,
F12,水电相关用品,"dụng cụ nước 02
涉水用品",F1201,T giãm 27 xuong 21 三通,F1201004,,,,,,,,,,,,,,,,,,,,,
F12,水电相关用品,"dụng cụ nước 02
涉水用品",F1201,day cấp nước 供水管（塑料管）,F1201005,,,,,,,,,,,,,,,,,,,,,
F12,水电相关用品,"dụng cụ nước 02
涉水用品",F1201,dây rút 30cm 扎带,F1201006,,,,,,,,,,,,,,,,,,,,,
F12,水电相关用品,"dụng cụ nước 02
涉水用品",F1201,ong nuoc 27 塑料管,F1201007,,,,,,,,,,,,,,,,,,,,,
F12,水电相关用品,"dụng cụ nước 02
涉水用品",F1201,T 27 三通,F1201008,,,,,,,,,,,,,,,,,,,,,
F12,水电相关用品,"dụng cụ nước 02
涉水用品",F1201,Co 27 弯头,F1201009,,,,,,,,,,,,,,,,,,,,,
F12,水电相关用品,"dụng cụ nước 02
涉水用品",F1201,Khoá 27 阀门,F1201010,,,,,,,,,,,,,,,,,,,,,
F12,水电相关用品,"dụng cụ nước 02
涉水用品",F1201,T 34 giam 27 三通,F1201011,,,,,,,,,,,,,,,,,,,,,
F12,水电相关用品,"dụng cụ nước 02
涉水用品",F1201,phễu lọc rác 水槽过滤网,F1201012,,,,,,,,,,,,,,,,,,,,,
F12,水电相关用品,"dụng cụ nước 02
涉水用品",F1201,ống 34 塑料管,F1201013,,,,,,,,,,,,,,,,,,,,,
F12,水电相关用品,"dụng cụ nước 02
涉水用品",F1201,Te 34 弯头,F1201014,,,,,,,,,,,,,,,,,,,,,
F12,水电相关用品,"dụng cụ nước 02
涉水用品",F1201,co 34 三通,F1201015,,,,,,,,,,,,,,,,,,,,,
F12,水电相关用品,"dụng cụ nước 02
涉水用品",F1201,khoá 34 阀门,F1201016,,,,,,,,,,,,,,,,,,,,,
F12,水电相关用品,"dụng cụ nước 02
涉水用品",F1201,vòi nước nhựa 塑胶水龙头,F1201017,,,,,,,,,,,,,,,,,,,,,
F13,水电相关用品,"dụng cụ nước 02
涉水用品",F1201,ống 1 tấc đúc 34 铁管 10cm,F1201018,,,,,,,,,,,,,,,,,,,,,
F14,水电相关用品,"dụng cụ nước 02
涉水用品",F1201,Ống 2 tấc đúc 34 铁管 20cm,F1201019,,,,,,,,,,,,,,,,,,,,,
F14,水电相关用品,"dụng cụ nước 02
涉水用品",F1201,Thùng nhựa 塑料桶,F1201020,,,,,,,,,,,,,,,,,,,,,
F14,水电相关用品,"dụng cụ nước 02
涉水用品",F1201,Sắt V3 角铁,F1201021,,,,,,,,,,,,,,,,,,,,,
F14,水电相关用品,"dụng cụ nước 02
涉水用品",F1201,ống sắt phi 34 dày 2li 铁管,F1201022,,,,,,,,,,,,,,,,,,,,,
F14,水电相关用品,"dụng cụ nước 02
涉水用品",F1201,Co phi 34 弯头,F1201023,,,,,,,,,,,,,,,,,,,,,
F14,水电相关用品,"dụng cụ nước 02
涉水用品",F1201,Đầu bịt ren ngoài 外丝堵头,F1201024,,,,,,,,,,,,,,,,,,,,,
F14,水电相关用品,"dụng cụ nước 02
涉水用品",F1201,Ống sắt phi 34 20p ren 2 đầu 外丝直接,F1201025,,,,,,,,,,,,,,,,,,,,,
F14,水电相关用品,"dụng cụ nước 02
涉水用品",F1201,van 1 chiều răng 34 单向阀,F1201026,,,,,,,,,,,,,,,,,,,,,
F13,电脑设备,"Thiết bị IT
电脑设备",F1301,Cổng chuyển đổi type C Type C 转接头,F1301001,,,,,,,,,,,,,,,,,,,,,
F13,电脑设备,"Thiết bị IT
电脑设备",F1301,thiết bị chuyển mạch  交换机设备,F1301002,,,,,,,,,,,,,,,,,,,,,
F13,电脑设备,"Thiết bị IT
电脑设备",F1301,dây mạng CAT6  网络线,F1301003,,,,,,,,,,,,,,,,,,,,,
F13,电脑设备,"Thiết bị IT
电脑设备",F1301,dây rút 30cm 扎带,F1301004,,,,,,,,,,,,,,,,,,,,,
F13,电脑设备,"Thiết bị IT
电脑设备",F1301,decal cuon  标签卷,F1301005,,,,,,,,,,,,,,,,,,,,,
F13,电脑设备,"Thiết bị IT
电脑设备",F1301,Dây điện nguồn máy tính 10A 250V 1m8 电脑电源线  1米8     ,F1301006,,,,,,,,,,,,,,,,,,,,,
F13,电脑设备,"Thiết bị IT
电脑设备",F1301,硬盘 ổ cứng SSD P210 256GB,F1301007,,,,,,,,,,,,,,,,,,,,,
F14,维修工厂物品,维修工厂物品,F1401,sơn dầu 油漆,F1401001,,,,,,,,,,,,,,,,,,,,,
F14,维修工厂物品,维修工厂物品,F1401,thanh lăn sơn 油漆滚刷,F1401002,,,,,,,,,,,,,,,,,,,,,
F14,维修工厂物品,维修工厂物品,F1401,cọ sơn 5cm 漆刷,F1401003,,,,,,,,,,,,,,,,,,,,,
F14,维修工厂物品,维修工厂物品,F1401,bát chữ L 5cm 90度角码,F1401004,,,,,,,,,,,,,,,,,,,,,
F14,维修工厂物品,维修工厂物品,F1401,ốc đầu dù 2cm 带钻自攻螺丝(螺丝),F1401005,,,,,,,,,,,,,,,,,,,,,
F14,维修工厂物品,维修工厂物品,F1401,气油,F1401006,,,,,,,,,,,,,,,,,,,,,
F14,维修工厂物品,维修工厂物品,F1401,sơn dầu 油漆 1kg,F1401007,,,,,,,,,,,,,,,,,,,,,
,,,,,,,,,,,,,,,,,,,,,,,,,,
,,,,,,,,,,,,,,,,,,,,,,,,,,
,,,,,,,,,,,,,,,,,,,,,,,,,,
,,,,,,,,,,,,,,,,,,,,,,,,,,
,,,,,,,,,,,,,,,,,,,,,,,,,,
,,,,,,,,,,,,,,,,,,,,,,,,,,
,,,,,,,,,,,,,,,,,,,,,,,,,,
,,,,,,,,,,,,,,,,,,,,,,,,,,
,,,,,,,,,,,,,,,,,,,,,,,,,,
,,,,,,,,,,,,,,,,,,,,,,,,,,
,,,,,,,,,,,,,,,,,,,,,,,,,,
,,,,,,,,,,,,,,,,,,,,,,,,,,
,,,,,,,,,,,,,,,,,,,,,,,,,,
,,,,,,,,,,,,,,,,,,,,,,,,,,
,,,,,,,,,,,,,,,,,,,,,,,,,,
,,,,,,,,,,,,,,,,,,,,,,,,,,
,,,,,,,,,,,,,,,,,,,,,,,,,,
,,,,,,,,,,,,,,,,,,,,,,,,,,
,,,,,,,,,,,,,,,,,,,,,,,,,,
,,,,,,,,,,,,,,,,,,,,,,,,,,
,,,,,,,,,,,,,,,,,,,,,,,,,,
,,,,,,,,,,,,,,,,,,,,,,,,,,
,,,,,,,,,,,,,,,,,,,,,,,,,,
,,,,,,,,,,,,,,,,,,,,,,,,,,
,,,,,,,,,,,,,,,,,,,,,,,,,,
,,,,,,,,,,,,,,,,,,,,,,,,,,
,,,,,,,,,,,,,,,,,,,,,,,,,,
,,,,,,,,,,,,,,,,,,,,,,,,,,
,,,,,,,,,,,,,,,,,,,,,,,,,,
,,,,,,,,,,,,,,,,,,,,,,,,,,
,,,,,,,,,,,,,,,,,,,,,,,,,,
,,,,,,,,,,,,,,,,,,,,,,,,,,
,,,,,,,,,,,,,,,,,,,,,,,,,,
,,,,,,,,,,,,,,,,,,,,,,,,,,
,,,,,,,,,,,,,,,,,,,,,,,,,,
,,,,,,,,,,,,,,,,,,,,,,,,,,
,,,,,,,,,,,,,,,,,,,,,,,,,,
,,,,,,,,,,,,,,,,,,,,,,,,,,
,,,,,,,,,,,,,,,,,,,,,,,,,,
,,,,,,,,,,,,,,,,,,,,,,,,,,
,,,,,,,,,,,,,,,,,,,,,,,,,,
,,,,,,,,,,,,,,,,,,,,,,,,,,
,,,,,,,,,,,,,,,,,,,,,,,,,,
,,,,,,,,,,,,,,,,,,,,,,,,,,
,,,,,,,,,,,,,,,,,,,,,,,,,,
,,,,,,,,,,,,,,,,,,,,,,,,,,
,,,,,,,,,,,,,,,,,,,,,,,,,,
,,,,,,,,,,,,,,,,,,,,,,,,,,
,,,,,,,,,,,,,,,,,,,,,,,,,,
,,,,,,,,,,,,,,,,,,,,,,,,,,
,,,,,,,,,,,,,,,,,,,,,,,,,,
,,,,,,,,,,,,,,,,,,,,,,,,,,
,,,,,,,,,,,,,,,,,,,,,,,,,,
,,,,,,,,,,,,,,,,,,,,,,,,,,
,,,,,,,,,,,,,,,,,,,,,,,,,,
,,,,,,,,,,,,,,,,,,,,,,,,,,
,,,,,,,,,,,,,,,,,,,,,,,,,,
,,,,,,,,,,,,,,,,,,,,,,,,,,
,,,,,,,,,,,,,,,,,,,,,,,,,,
,,,,,,,,,,,,,,,,,,,,,,,,,,
,,,,,,,,,,,,,,,,,,,,,,,,,,
,,,,,,,,,,,,,,,,,,,,,,,,,,
,,,,,,,,,,,,,,,,,,,,,,,,,,
,,,,,,,,,,,,,,,,,,,,,,,,,,
,,,,,,,,,,,,,,,,,,,,,,,,,,
,,,,,,,,,,,,,,,,,,,,,,,,,,
,,,,,,,,,,,,,,,,,,,,,,,,,,
,,,,,,,,,,,,,,,,,,,,,,,,,,
,,,,,,,,,,,,,,,,,,,,,,,,,,
,,,,,,,,,,,,,,,,,,,,,,,,,,
,,,,,,,,,,,,,,,,,,,,,,,,,,
,,,,,,,,,,,,,,,,,,,,,,,,,,
,,,,,,,,,,,,,,,,,,,,,,,,,,
,,,,,,,,,,,,,,,,,,,,,,,,,,
,,,,,,,,,,,,,,,,,,,,,,,,,,
,,,,,,,,,,,,,,,,,,,,,,,,,,
,,,,,,,,,,,,,,,,,,,,,,,,,,
,,,,,,,,,,,,,,,,,,,,,,,,,,
,,,,,,,,,,,,,,,,,,,,,,,,,,
,,,,,,,,,,,,,,,,,,,,,,,,,,
,,,,,,,,,,,,,,,,,,,,,,,,,,
,,,,,,,,,,,,,,,,,,,,,,,,,,
,,,,,,,,,,,,,,,,,,,,,,,,,,
,,,,,,,,,,,,,,,,,,,,,,,,,,
,,,,,,,,,,,,,,,,,,,,,,,,,,
,,,,,,,,,,,,,,,,,,,,,,,,,,
,,,,,,,,,,,,,,,,,,,,,,,,,,
,,,,,,,,,,,,,,,,,,,,,,,,,,
,,,,,,,,,,,,,,,,,,,,,,,,,,
,,,,,,,,,,,,,,,,,,,,,,,,,,
,,,,,,,,,,,,,,,,,,,,,,,,,,
,,,,,,,,,,,,,,,,,,,,,,,,,,
,,,,,,,,,,,,,,,,,,,,,,,,,,
,,,,,,,,,,,,,,,,,,,,,,,,,,
,,,,,,,,,,,,,,,,,,,,,,,,,,
,,,,,,,,,,,,,,,,,,,,,,,,,,
,,,,,,,,,,,,,,,,,,,,,,,,,,
,,,,,,,,,,,,,,,,,,,,,,,,,,
,,,,,,,,,,,,,,,,,,,,,,,,,,
,,,,,,,,,,,,,,,,,,,,,,,,,,
,,,,,,,,,,,,,,,,,,,,,,,,,,
,,,,,,,,,,,,,,,,,,,,,,,,,,
,,,,,,,,,,,,,,,,,,,,,,,,,,
,,,,,,,,,,,,,,,,,,,,,,,,,,
,,,,,,,,,,,,,,,,,,,,,,,,,,
,,,,,,,,,,,,,,,,,,,,,,,,,,
,,,,,,,,,,,,,,,,,,,,,,,,,,
,,,,,,,,,,,,,,,,,,,,,,,,,,
,,,,,,,,,,,,,,,,,,,,,,,,,,
,,,,,,,,,,,,,,,,,,,,,,,,,,
,,,,,,,,,,,,,,,,,,,,,,,,,,
,,,,,,,,,,,,,,,,,,,,,,,,,,
,,,,,,,,,,,,,,,,,,,,,,,,,,
,,,,,,,,,,,,,,,,,,,,,,,,,,
,,,,,,,,,,,,,,,,,,,,,,,,,,
,,,,,,,,,,,,,,,,,,,,,,,,,,
,,,,,,,,,,,,,,,,,,,,,,,,,,
,,,,,,,,,,,,,,,,,,,,,,,,,,
,,,,,,,,,,,,,,,,,,,,,,,,,,
,,,,,,,,,,,,,,,,,,,,,,,,,,
,,,,,,,,,,,,,,,,,,,,,,,,,,
,,,,,,,,,,,,,,,,,,,,,,,,,,
,,,,,,,,,,,,,,,,,,,,,,,,,,
,,,,,,,,,,,,,,,,,,,,,,,,,,
,,,,,,,,,,,,,,,,,,,,,,,,,,
,,,,,,,,,,,,,,,,,,,,,,,,,,
,,,,,,,,,,,,,,,,,,,,,,,,,,
,,,,,,,,,,,,,,,,,,,,,,,,,,
,,,,,,,,,,,,,,,,,,,,,,,,,,
,,,,,,,,,,,,,,,,,,,,,,,,,,
,,,,,,,,,,,,,,,,,,,,,,,,,,
,,,,,,,,,,,,,,,,,,,,,,,,,,
,,,,,,,,,,,,,,,,,,,,,,,,,,
,,,,,,,,,,,,,,,,,,,,,,,,,,
,,,,,,,,,,,,,,,,,,,,,,,,,,
,,,,,,,,,,,,,,,,,,,,,,,,,,
,,,,,,,,,,,,,,,,,,,,,,,,,,
,,,,,,,,,,,,,,,,,,,,,,,,,,
,,,,,,,,,,,,,,,,,,,,,,,,,,
,,,,,,,,,,,,,,,,,,,,,,,,,,
,,,,,,,,,,,,,,,,,,,,,,,,,,
,,,,,,,,,,,,,,,,,,,,,,,,,,
,,,,,,,,,,,,,,,,,,,,,,,,,,
,,,,,,,,,,,,,,,,,,,,,,,,,,
,,,,,,,,,,,,,,,,,,,,,,,,,,
,,,,,,,,,,,,,,,,,,,,,,,,,,
,,,,,,,,,,,,,,,,,,,,,,,,,,
,,,,,,,,,,,,,,,,,,,,,,,,,,
,,,,,,,,,,,,,,,,,,,,,,,,,,
,,,,,,,,,,,,,,,,,,,,,,,,,,
,,,,,,,,,,,,,,,,,,,,,,,,,,
,,,,,,,,,,,,,,,,,,,,,,,,,,
,,,,,,,,,,,,,,,,,,,,,,,,,,
,,,,,,,,,,,,,,,,,,,,,,,,,,
,,,,,,,,,,,,,,,,,,,,,,,,,,
,,,,,,,,,,,,,,,,,,,,,,,,,,
,,,,,,,,,,,,,,,,,,,,,,,,,,
,,,,,,,,,,,,,,,,,,,,,,,,,,
,,,,,,,,,,,,,,,,,,,,,,,,,,
,,,,,,,,,,,,,,,,,,,,,,,,,,
,,,,,,,,,,,,,,,,,,,,,,,,,,
,,,,,,,,,,,,,,,,,,,,,,,,,,
,,,,,,,,,,,,,,,,,,,,,,,,,,
,,,,,,,,,,,,,,,,,,,,,,,,,,
,,,,,,,,,,,,,,,,,,,,,,,,,,
,,,,,,,,,,,,,,,,,,,,,,,,,,
,,,,,,,,,,,,,,,,,,,,,,,,,,
,,,,,,,,,,,,,,,,,,,,,,,,,,
,,,,,,,,,,,,,,,,,,,,,,,,,,
,,,,,,,,,,,,,,,,,,,,,,,,,,
,,,,,,,,,,,,,,,,,,,,,,,,,,
,,,,,,,,,,,,,,,,,,,,,,,,,,
,,,,,,,,,,,,,,,,,,,,,,,,,,
,,,,,,,,,,,,,,,,,,,,,,,,,,
,,,,,,,,,,,,,,,,,,,,,,,,,,
,,,,,,,,,,,,,,,,,,,,,,,,,,
,,,,,,,,,,,,,,,,,,,,,,,,,,
,,,,,,,,,,,,,,,,,,,,,,,,,,
,,,,,,,,,,,,,,,,,,,,,,,,,,
,,,,,,,,,,,,,,,,,,,,,,,,,,
,,,,,,,,,,,,,,,,,,,,,,,,,,
,,,,,,,,,,,,,,,,,,,,,,,,,,
,,,,,,,,,,,,,,,,,,,,,,,,,,
,,,,,,,,,,,,,,,,,,,,,,,,,,
,,,,,,,,,,,,,,,,,,,,,,,,,,
,,,,,,,,,,,,,,,,,,,,,,,,,,
,,,,,,,,,,,,,,,,,,,,,,,,,,
,,,,,,,,,,,,,,,,,,,,,,,,,,
,,,,,,,,,,,,,,,,,,,,,,,,,,
,,,,,,,,,,,,,,,,,,,,,,,,,,
,,,,,,,,,,,,,,,,,,,,,,,,,,
,,,,,,,,,,,,,,,,,,,,,,,,,,
,,,,,,,,,,,,,,,,,,,,,,,,,,
,,,,,,,,,,,,,,,,,,,,,,,,,,
,,,,,,,,,,,,,,,,,,,,,,,,,,
,,,,,,,,,,,,,,,,,,,,,,,,,,
,,,,,,,,,,,,,,,,,,,,,,,,,,
,,,,,,,,,,,,,,,,,,,,,,,,,,
,,,,,,,,,,,,,,,,,,,,,,,,,,
,,,,,,,,,,,,,,,,,,,,,,,,,,
,,,,,,,,,,,,,,,,,,,,,,,,,,
,,,,,,,,,,,,,,,,,,,,,,,,,,
,,,,,,,,,,,,,,,,,,,,,,,,,,
,,,,,,,,,,,,,,,,,,,,,,,,,,
,,,,,,,,,,,,,,,,,,,,,,,,,,
,,,,,,,,,,,,,,,,,,,,,,,,,,
,,,,,,,,,,,,,,,,,,,,,,,,,,
,,,,,,,,,,,,,,,,,,,,,,,,,,
,,,,,,,,,,,,,,,,,,,,,,,,,,
,,,,,,,,,,,,,,,,,,,,,,,,,,
,,,,,,,,,,,,,,,,,,,,,,,,,,
,,,,,,,,,,,,,,,,,,,,,,,,,,
,,,,,,,,,,,,,,,,,,,,,,,,,,
,,,,,,,,,,,,,,,,,,,,,,,,,,
,,,,,,,,,,,,,,,,,,,,,,,,,,
,,,,,,,,,,,,,,,,,,,,,,,,,,
,,,,,,,,,,,,,,,,,,,,,,,,,,
,,,,,,,,,,,,,,,,,,,,,,,,,,
,,,,,,,,,,,,,,,,,,,,,,,,,,
,,,,,,,,,,,,,,,,,,,,,,,,,,
,,,,,,,,,,,,,,,,,,,,,,,,,,
,,,,,,,,,,,,,,,,,,,,,,,,,,
,,,,,,,,,,,,,,,,,,,,,,,,,,
,,,,,,,,,,,,,,,,,,,,,,,,,,
,,,,,,,,,,,,,,,,,,,,,,,,,,
,,,,,,,,,,,,,,,,,,,,,,,,,,
,,,,,,,,,,,,,,,,,,,,,,,,,,
,,,,,,,,,,,,,,,,,,,,,,,,,,
,,,,,,,,,,,,,,,,,,,,,,,,,,
,,,,,,,,,,,,,,,,,,,,,,,,,,
,,,,,,,,,,,,,,,,,,,,,,,,,,
,,,,,,,,,,,,,,,,,,,,,,,,,,
,,,,,,,,,,,,,,,,,,,,,,,,,,
,,,,,,,,,,,,,,,,,,,,,,,,,,
,,,,,,,,,,,,,,,,,,,,,,,,,,
,,,,,,,,,,,,,,,,,,,,,,,,,,
,,,,,,,,,,,,,,,,,,,,,,,,,,
,,,,,,,,,,,,,,,,,,,,,,,,,,
,,,,,,,,,,,,,,,,,,,,,,,,,,
,,,,,,,,,,,,,,,,,,,,,,,,,,
,,,,,,,,,,,,,,,,,,,,,,,,,,
,,,,,,,,,,,,,,,,,,,,,,,,,,
,,,,,,,,,,,,,,,,,,,,,,,,,,
,,,,,,,,,,,,,,,,,,,,,,,,,,
,,,,,,,,,,,,,,,,,,,,,,,,,,
,,,,,,,,,,,,,,,,,,,,,,,,,,
,,,,,,,,,,,,,,,,,,,,,,,,,,
,,,,,,,,,,,,,,,,,,,,,,,,,,
,,,,,,,,,,,,,,,,,,,,,,,,,,
,,,,,,,,,,,,,,,,,,,,,,,,,,
,,,,,,,,,,,,,,,,,,,,,,,,,,
,,,,,,,,,,,,,,,,,,,,,,,,,,
,,,,,,,,,,,,,,,,,,,,,,,,,,
,,,,,,,,,,,,,,,,,,,,,,,,,,
,,,,,,,,,,,,,,,,,,,,,,,,,,
,,,,,,,,,,,,,,,,,,,,,,,,,,
,,,,,,,,,,,,,,,,,,,,,,,,,,
,,,,,,,,,,,,,,,,,,,,,,,,,,
,,,,,,,,,,,,,,,,,,,,,,,,,,
,,,,,,,,,,,,,,,,,,,,,,,,,,
,,,,,,,,,,,,,,,,,,,,,,,,,,
,,,,,,,,,,,,,,,,,,,,,,,,,,
,,,,,,,,,,,,,,,,,,,,,,,,,,
,,,,,,,,,,,,,,,,,,,,,,,,,,
,,,,,,,,,,,,,,,,,,,,,,,,,,
,,,,,,,,,,,,,,,,,,,,,,,,,,
,,,,,,,,,,,,,,,,,,,,,,,,,,
,,,,,,,,,,,,,,,,,,,,,,,,,,
,,,,,,,,,,,,,,,,,,,,,,,,,,
,,,,,,,,,,,,,,,,,,,,,,,,,,
,,,,,,,,,,,,,,,,,,,,,,,,,,
,,,,,,,,,,,,,,,,,,,,,,,,,,
,,,,,,,,,,,,,,,,,,,,,,,,,,
,,,,,,,,,,,,,,,,,,,,,,,,,,
,,,,,,,,,,,,,,,,,,,,,,,,,,
,,,,,,,,,,,,,,,,,,,,,,,,,,
,,,,,,,,,,,,,,,,,,,,,,,,,,
,,,,,,,,,,,,,,,,,,,,,,,,,,
,,,,,,,,,,,,,,,,,,,,,,,,,,
,,,,,,,,,,,,,,,,,,,,,,,,,,
,,,,,,,,,,,,,,,,,,,,,,,,,,
,,,,,,,,,,,,,,,,,,,,,,,,,,
,,,,,,,,,,,,,,,,,,,,,,,,,,
,,,,,,,,,,,,,,,,,,,,,,,,,,
,,,,,,,,,,,,,,,,,,,,,,,,,,
,,,,,,,,,,,,,,,,,,,,,,,,,,
,,,,,,,,,,,,,,,,,,,,,,,,,,
,,,,,,,,,,,,,,,,,,,,,,,,,,
,,,,,,,,,,,,,,,,,,,,,,,,,,
,,,,,,,,,,,,,,,,,,,,,,,,,,
,,,,,,,,,,,,,,,,,,,,,,,,,,
,,,,,,,,,,,,,,,,,,,,,,,,,,
,,,,,,,,,,,,,,,,,,,,,,,,,,
,,,,,,,,,,,,,,,,,,,,,,,,,,
,,,,,,,,,,,,,,,,,,,,,,,,,,
,,,,,,,,,,,,,,,,,,,,,,,,,,
,,,,,,,,,,,,,,,,,,,,,,,,,,
,,,,,,,,,,,,,,,,,,,,,,,,,,
,,,,,,,,,,,,,,,,,,,,,,,,,,
,,,,,,,,,,,,,,,,,,,,,,,,,,
,,,,,,,,,,,,,,,,,,,,,,,,,,
,,,,,,,,,,,,,,,,,,,,,,,,,,
,,,,,,,,,,,,,,,,,,,,,,,,,,
,,,,,,,,,,,,,,,,,,,,,,,,,,
,,,,,,,,,,,,,,,,,,,,,,,,,,
,,,,,,,,,,,,,,,,,,,,,,,,,,
,,,,,,,,,,,,,,,,,,,,,,,,,,
,,,,,,,,,,,,,,,,,,,,,,,,,,
,,,,,,,,,,,,,,,,,,,,,,,,,,
,,,,,,,,,,,,,,,,,,,,,,,,,,
,,,,,,,,,,,,,,,,,,,,,,,,,,
,,,,,,,,,,,,,,,,,,,,,,,,,,
,,,,,,,,,,,,,,,,,,,,,,,,,,
,,,,,,,,,,,,,,,,,,,,,,,,,,
,,,,,,,,,,,,,,,,,,,,,,,,,,
,,,,,,,,,,,,,,,,,,,,,,,,,,
,,,,,,,,,,,,,,,,,,,,,,,,,,
,,,,,,,,,,,,,,,,,,,,,,,,,,
,,,,,,,,,,,,,,,,,,,,,,,,,,
,,,,,,,,,,,,,,,,,,,,,,,,,,
,,,,,,,,,,,,,,,,,,,,,,,,,,
,,,,,,,,,,,,,,,,,,,,,,,,,,
,,,,,,,,,,,,,,,,,,,,,,,,,,
,,,,,,,,,,,,,,,,,,,,,,,,,,
,,,,,,,,,,,,,,,,,,,,,,,,,,
,,,,,,,,,,,,,,,,,,,,,,,,,,
,,,,,,,,,,,,,,,,,,,,,,,,,,
,,,,,,,,,,,,,,,,,,,,,,,,,,
,,,,,,,,,,,,,,,,,,,,,,,,,,
,,,,,,,,,,,,,,,,,,,,,,,,,,
,,,,,,,,,,,,,,,,,,,,,,,,,,
,,,,,,,,,,,,,,,,,,,,,,,,,,
,,,,,,,,,,,,,,,,,,,,,,,,,,
,,,,,,,,,,,,,,,,,,,,,,,,,,
,,,,,,,,,,,,,,,,,,,,,,,,,,
,,,,,,,,,,,,,,,,,,,,,,,,,,
,,,,,,,,,,,,,,,,,,,,,,,,,,
,,,,,,,,,,,,,,,,,,,,,,,,,,
,,,,,,,,,,,,,,,,,,,,,,,,,,
,,,,,,,,,,,,,,,,,,,,,,,,,,
,,,,,,,,,,,,,,,,,,,,,,,,,,
,,,,,,,,,,,,,,,,,,,,,,,,,,
,,,,,,,,,,,,,,,,,,,,,,,,,,
,,,,,,,,,,,,,,,,,,,,,,,,,,
,,,,,,,,,,,,,,,,,,,,,,,,,,
,,,,,,,,,,,,,,,,,,,,,,,,,,
,,,,,,,,,,,,,,,,,,,,,,,,,,
,,,,,,,,,,,,,,,,,,,,,,,,,,
,,,,,,,,,,,,,,,,,,,,,,,,,,
,,,,,,,,,,,,,,,,,,,,,,,,,,
,,,,,,,,,,,,,,,,,,,,,,,,,,
,,,,,,,,,,,,,,,,,,,,,,,,,,
,,,,,,,,,,,,,,,,,,,,,,,,,,
,,,,,,,,,,,,,,,,,,,,,,,,,,
,,,,,,,,,,,,,,,,,,,,,,,,,,
,,,,,,,,,,,,,,,,,,,,,,,,,,
,,,,,,,,,,,,,,,,,,,,,,,,,,
,,,,,,,,,,,,,,,,,,,,,,,,,,
,,,,,,,,,,,,,,,,,,,,,,,,,,
,,,,,,,,,,,,,,,,,,,,,,,,,,
,,,,,,,,,,,,,,,,,,,,,,,,,,
,,,,,,,,,,,,,,,,,,,,,,,,,,
,,,,,,,,,,,,,,,,,,,,,,,,,,
,,,,,,,,,,,,,,,,,,,,,,,,,,
,,,,,,,,,,,,,,,,,,,,,,,,,,
,,,,,,,,,,,,,,,,,,,,,,,,,,
,,,,,,,,,,,,,,,,,,,,,,,,,,
,,,,,,,,,,,,,,,,,,,,,,,,,,
,,,,,,,,,,,,,,,,,,,,,,,,,,
,,,,,,,,,,,,,,,,,,,,,,,,,,
,,,,,,,,,,,,,,,,,,,,,,,,,,
,,,,,,,,,,,,,,,,,,,,,,,,,,
,,,,,,,,,,,,,,,,,,,,,,,,,,
,,,,,,,,,,,,,,,,,,,,,,,,,,
,,,,,,,,,,,,,,,,,,,,,,,,,,
,,,,,,,,,,,,,,,,,,,,,,,,,,
,,,,,,,,,,,,,,,,,,,,,,,,,,
,,,,,,,,,,,,,,,,,,,,,,,,,,
,,,,,,,,,,,,,,,,,,,,,,,,,,
,,,,,,,,,,,,,,,,,,,,,,,,,,
,,,,,,,,,,,,,,,,,,,,,,,,,,
,,,,,,,,,,,,,,,,,,,,,,,,,,
,,,,,,,,,,,,,,,,,,,,,,,,,,
,,,,,,,,,,,,,,,,,,,,,,,,,,
,,,,,,,,,,,,,,,,,,,,,,,,,,
,,,,,,,,,,,,,,,,,,,,,,,,,,
,,,,,,,,,,,,,,,,,,,,,,,,,,
,,,,,,,,,,,,,,,,,,,,,,,,,,
,,,,,,,,,,,,,,,,,,,,,,,,,,
,,,,,,,,,,,,,,,,,,,,,,,,,,
,,,,,,,,,,,,,,,,,,,,,,,,,,
,,,,,,,,,,,,,,,,,,,,,,,,,,
,,,,,,,,,,,,,,,,,,,,,,,,,,
,,,,,,,,,,,,,,,,,,,,,,,,,,
,,,,,,,,,,,,,,,,,,,,,,,,,,
,,,,,,,,,,,,,,,,,,,,,,,,,,
,,,,,,,,,,,,,,,,,,,,,,,,,,
,,,,,,,,,,,,,,,,,,,,,,,,,,
,,,,,,,,,,,,,,,,,,,,,,,,,,
,,,,,,,,,,,,,,,,,,,,,,,,,,
,,,,,,,,,,,,,,,,,,,,,,,,,,
,,,,,,,,,,,,,,,,,,,,,,,,,,
,,,,,,,,,,,,,,,,,,,,,,,,,,
,,,,,,,,,,,,,,,,,,,,,,,,,,
,,,,,,,,,,,,,,,,,,,,,,,,,,
,,,,,,,,,,,,,,,,,,,,,,,,,,
,,,,,,,,,,,,,,,,,,,,,,,,,,
,,,,,,,,,,,,,,,,,,,,,,,,,,
,,,,,,,,,,,,,,,,,,,,,,,,,,
,,,,,,,,,,,,,,,,,,,,,,,,,,
,,,,,,,,,,,,,,,,,,,,,,,,,,
,,,,,,,,,,,,,,,,,,,,,,,,,,
,,,,,,,,,,,,,,,,,,,,,,,,,,
,,,,,,,,,,,,,,,,,,,,,,,,,,
,,,,,,,,,,,,,,,,,,,,,,,,,,
,,,,,,,,,,,,,,,,,,,,,,,,,,
,,,,,,,,,,,,,,,,,,,,,,,,,,
,,,,,,,,,,,,,,,,,,,,,,,,,,
,,,,,,,,,,,,,,,,,,,,,,,,,,
,,,,,,,,,,,,,,,,,,,,,,,,,,
,,,,,,,,,,,,,,,,,,,,,,,,,,
,,,,,,,,,,,,,,,,,,,,,,,,,,
,,,,,,,,,,,,,,,,,,,,,,,,,,
,,,,,,,,,,,,,,,,,,,,,,,,,,
,,,,,,,,,,,,,,,,,,,,,,,,,,
,,,,,,,,,,,,,,,,,,,,,,,,,,
,,,,,,,,,,,,,,,,,,,,,,,,,,
,,,,,,,,,,,,,,,,,,,,,,,,,,
,,,,,,,,,,,,,,,,,,,,,,,,,,
,,,,,,,,,,,,,,,,,,,,,,,,,,
,,,,,,,,,,,,,,,,,,,,,,,,,,
,,,,,,,,,,,,,,,,,,,,,,,,,,
,,,,,,,,,,,,,,,,,,,,,,,,,,
,,,,,,,,,,,,,,,,,,,,,,,,,,
,,,,,,,,,,,,,,,,,,,,,,,,,,
,,,,,,,,,,,,,,,,,,,,,,,,,,
,,,,,,,,,,,,,,,,,,,,,,,,,,
,,,,,,,,,,,,,,,,,,,,,,,,,,
,,,,,,,,,,,,,,,,,,,,,,,,,,
,,,,,,,,,,,,,,,,,,,,,,,,,,
,,,,,,,,,,,,,,,,,,,,,,,,,,
,,,,,,,,,,,,,,,,,,,,,,,,,,
,,,,,,,,,,,,,,,,,,,,,,,,,,
,,,,,,,,,,,,,,,,,,,,,,,,,,
,,,,,,,,,,,,,,,,,,,,,,,,,,
,,,,,,,,,,,,,,,,,,,,,,,,,,
,,,,,,,,,,,,,,,,,,,,,,,,,,
,,,,,,,,,,,,,,,,,,,,,,,,,,
,,,,,,,,,,,,,,,,,,,,,,,,,,
,,,,,,,,,,,,,,,,,,,,,,,,,,
,,,,,,,,,,,,,,,,,,,,,,,,,,
,,,,,,,,,,,,,,,,,,,,,,,,,,
,,,,,,,,,,,,,,,,,,,,,,,,,,
,,,,,,,,,,,,,,,,,,,,,,,,,,
,,,,,,,,,,,,,,,,,,,,,,,,,,
,,,,,,,,,,,,,,,,,,,,,,,,,,
,,,,,,,,,,,,,,,,,,,,,,,,,,
,,,,,,,,,,,,,,,,,,,,,,,,,,
,,,,,,,,,,,,,,,,,,,,,,,,,,
,,,,,,,,,,,,,,,,,,,,,,,,,,
,,,,,,,,,,,,,,,,,,,,,,,,,,
,,,,,,,,,,,,,,,,,,,,,,,,,,
,,,,,,,,,,,,,,,,,,,,,,,,,,
,,,,,,,,,,,,,,,,,,,,,,,,,,
,,,,,,,,,,,,,,,,,,,,,,,,,,
,,,,,,,,,,,,,,,,,,,,,,,,,,
,,,,,,,,,,,,,,,,,,,,,,,,,,
,,,,,,,,,,,,,,,,,,,,,,,,,,
,,,,,,,,,,,,,,,,,,,,,,,,,,
,,,,,,,,,,,,,,,,,,,,,,,,,,
,,,,,,,,,,,,,,,,,,,,,,,,,,
,,,,,,,,,,,,,,,,,,,,,,,,,,
,,,,,,,,,,,,,,,,,,,,,,,,,,
,,,,,,,,,,,,,,,,,,,,,,,,,,
,,,,,,,,,,,,,,,,,,,,,,,,,,
,,,,,,,,,,,,,,,,,,,,,,,,,,
,,,,,,,,,,,,,,,,,,,,,,,,,,
,,,,,,,,,,,,,,,,,,,,,,,,,,
,,,,,,,,,,,,,,,,,,,,,,,,,,
,,,,,,,,,,,,,,,,,,,,,,,,,,
,,,,,,,,,,,,,,,,,,,,,,,,,,
,,,,,,,,,,,,,,,,,,,,,,,,,,
,,,,,,,,,,,,,,,,,,,,,,,,,,
,,,,,,,,,,,,,,,,,,,,,,,,,,
,,,,,,,,,,,,,,,,,,,,,,,,,,
,,,,,,,,,,,,,,,,,,,,,,,,,,
,,,,,,,,,,,,,,,,,,,,,,,,,,
,,,,,,,,,,,,,,,,,,,,,,,,,,
,,,,,,,,,,,,,,,,,,,,,,,,,,
,,,,,,,,,,,,,,,,,,,,,,,,,,
,,,,,,,,,,,,,,,,,,,,,,,,,,
,,,,,,,,,,,,,,,,,,,,,,,,,,
,,,,,,,,,,,,,,,,,,,,,,,,,,
,,,,,,,,,,,,,,,,,,,,,,,,,,
,,,,,,,,,,,,,,,,,,,,,,,,,,
,,,,,,,,,,,,,,,,,,,,,,,,,,
,,,,,,,,,,,,,,,,,,,,,,,,,,
,,,,,,,,,,,,,,,,,,,,,,,,,,
,,,,,,,,,,,,,,,,,,,,,,,,,,
,,,,,,,,,,,,,,,,,,,,,,,,,,
,,,,,,,,,,,,,,,,,,,,,,,,,,
,,,,,,,,,,,,,,,,,,,,,,,,,,
,,,,,,,,,,,,,,,,,,,,,,,,,,
,,,,,,,,,,,,,,,,,,,,,,,,,,
,,,,,,,,,,,,,,,,,,,,,,,,,,
,,,,,,,,,,,,,,,,,,,,,,,,,,
,,,,,,,,,,,,,,,,,,,,,,,,,,
,,,,,,,,,,,,,,,,,,,,,,,,,,
,,,,,,,,,,,,,,,,,,,,,,,,,,
,,,,,,,,,,,,,,,,,,,,,,,,,,
,,,,,,,,,,,,,,,,,,,,,,,,,,
,,,,,,,,,,,,,,,,,,,,,,,,,,
,,,,,,,,,,,,,,,,,,,,,,,,,,
,,,,,,,,,,,,,,,,,,,,,,,,,,
,,,,,,,,,,,,,,,,,,,,,,,,,,
,,,,,,,,,,,,,,,,,,,,,,,,,,
,,,,,,,,,,,,,,,,,,,,,,,,,,
,,,,,,,,,,,,,,,,,,,,,,,,,,
,,,,,,,,,,,,,,,,,,,,,,,,,,
,,,,,,,,,,,,,,,,,,,,,,,,,,
,,,,,,,,,,,,,,,,,,,,,,,,,,
,,,,,,,,,,,,,,,,,,,,,,,,,,
,,,,,,,,,,,,,,,,,,,,,,,,,,
,,,,,,,,,,,,,,,,,,,,,,,,,,
,,,,,,,,,,,,,,,,,,,,,,,,,,
,,,,,,,,,,,,,,,,,,,,,,,,,,
,,,,,,,,,,,,,,,,,,,,,,,,,,
,,,,,,,,,,,,,,,,,,,,,,,,,,
,,,,,,,,,,,,,,,,,,,,,,,,,,
,,,,,,,,,,,,,,,,,,,,,,,,,,
,,,,,,,,,,,,,,,,,,,,,,,,,,
,,,,,,,,,,,,,,,,,,,,,,,,,,
,,,,,,,,,,,,,,,,,,,,,,,,,,
,,,,,,,,,,,,,,,,,,,,,,,,,,
,,,,,,,,,,,,,,,,,,,,,,,,,,
,,,,,,,,,,,,,,,,,,,,,,,,,,
,,,,,,,,,,,,,,,,,,,,,,,,,,
,,,,,,,,,,,,,,,,,,,,,,,,,,
,,,,,,,,,,,,,,,,,,,,,,,,,,
,,,,,,,,,,,,,,,,,,,,,,,,,,
,,,,,,,,,,,,,,,,,,,,,,,,,,
,,,,,,,,,,,,,,,,,,,,,,,,,,
,,,,,,,,,,,,,,,,,,,,,,,,,,
,,,,,,,,,,,,,,,,,,,,,,,,,,
,,,,,,,,,,,,,,,,,,,,,,,,,,
,,,,,,,,,,,,,,,,,,,,,,,,,,
,,,,,,,,,,,,,,,,,,,,,,,,,,
,,,,,,,,,,,,,,,,,,,,,,,,,,
,,,,,,,,,,,,,,,,,,,,,,,,,,
,,,,,,,,,,,,,,,,,,,,,,,,,,
,,,,,,,,,,,,,,,,,,,,,,,,,,
,,,,,,,,,,,,,,,,,,,,,,,,,,
,,,,,,,,,,,,,,,,,,,,,,,,,,
,,,,,,,,,,,,,,,,,,,,,,,,,,
,,,,,,,,,,,,,,,,,,,,,,,,,,
,,,,,,,,,,,,,,,,,,,,,,,,,,
,,,,,,,,,,,,,,,,,,,,,,,,,,
,,,,,,,,,,,,,,,,,,,,,,,,,,
,,,,,,,,,,,,,,,,,,,,,,,,,,
,,,,,,,,,,,,,,,,,,,,,,,,,,
,,,,,,,,,,,,,,,,,,,,,,,,,,
,,,,,,,,,,,,,,,,,,,,,,,,,,
,,,,,,,,,,,,,,,,,,,,,,,,,,
,,,,,,,,,,,,,,,,,,,,,,,,,,
,,,,,,,,,,,,,,,,,,,,,,,,,,
,,,,,,,,,,,,,,,,,,,,,,,,,,
,,,,,,,,,,,,,,,,,,,,,,,,,,
,,,,,,,,,,,,,,,,,,,,,,,,,,
,,,,,,,,,,,,,,,,,,,,,,,,,,
,,,,,,,,,,,,,,,,,,,,,,,,,,
,,,,,,,,,,,,,,,,,,,,,,,,,,
,,,,,,,,,,,,,,,,,,,,,,,,,,
,,,,,,,,,,,,,,,,,,,,,,,,,,
,,,,,,,,,,,,,,,,,,,,,,,,,,
,,,,,,,,,,,,,,,,,,,,,,,,,,
,,,,,,,,,,,,,,,,,,,,,,,,,,
,,,,,,,,,,,,,,,,,,,,,,,,,,
,,,,,,,,,,,,,,,,,,,,,,,,,,
,,,,,,,,,,,,,,,,,,,,,,,,,,
,,,,,,,,,,,,,,,,,,,,,,,,,,
,,,,,,,,,,,,,,,,,,,,,,,,,,
,,,,,,,,,,,,,,,,,,,,,,,,,,
,,,,,,,,,,,,,,,,,,,,,,,,,,
,,,,,,,,,,,,,,,,,,,,,,,,,,
,,,,,,,,,,,,,,,,,,,,,,,,,,
,,,,,,,,,,,,,,,,,,,,,,,,,,
,,,,,,,,,,,,,,,,,,,,,,,,,,
,,,,,,,,,,,,,,,,,,,,,,,,,,
,,,,,,,,,,,,,,,,,,,,,,,,,,
,,,,,,,,,,,,,,,,,,,,,,,,,,
,,,,,,,,,,,,,,,,,,,,,,,,,,
,,,,,,,,,,,,,,,,,,,,,,,,,,
,,,,,,,,,,,,,,,,,,,,,,,,,,
,,,,,,,,,,,,,,,,,,,,,,,,,,
,,,,,,,,,,,,,,,,,,,,,,,,,,
,,,,,,,,,,,,,,,,,,,,,,,,,,
,,,,,,,,,,,,,,,,,,,,,,,,,,
,,,,,,,,,,,,,,,,,,,,,,,,,,
,,,,,,,,,,,,,,,,,,,,,,,,,,
,,,,,,,,,,,,,,,,,,,,,,,,,,
,,,,,,,,,,,,,,,,,,,,,,,,,,
,,,,,,,,,,,,,,,,,,,,,,,,,,
,,,,,,,,,,,,,,,,,,,,,,,,,,
,,,,,,,,,,,,,,,,,,,,,,,,,,
,,,,,,,,,,,,,,,,,,,,,,,,,,
,,,,,,,,,,,,,,,,,,,,,,,,,,
,,,,,,,,,,,,,,,,,,,,,,,,,,
,,,,,,,,,,,,,,,,,,,,,,,,,,
,,,,,,,,,,,,,,,,,,,,,,,,,,
,,,,,,,,,,,,,,,,,,,,,,,,,,
,,,,,,,,,,,,,,,,,,,,,,,,,,
,,,,,,,,,,,,,,,,,,,,,,,,,,
,,,,,,,,,,,,,,,,,,,,,,,,,,
,,,,,,,,,,,,,,,,,,,,,,,,,,
,,,,,,,,,,,,,,,,,,,,,,,,,,
,,,,,,,,,,,,,,,,,,,,,,,,,,
,,,,,,,,,,,,,,,,,,,,,,,,,,
,,,,,,,,,,,,,,,,,,,,,,,,,,
,,,,,,,,,,,,,,,,,,,,,,,,,,
,,,,,,,,,,,,,,,,,,,,,,,,,,
,,,,,,,,,,,,,,,,,,,,,,,,,,
,,,,,,,,,,,,,,,,,,,,,,,,,,
,,,,,,,,,,,,,,,,,,,,,,,,,,
,,,,,,,,,,,,,,,,,,,,,,,,,,
,,,,,,,,,,,,,,,,,,,,,,,,,,
,,,,,,,,,,,,,,,,,,,,,,,,,,
,,,,,,,,,,,,,,,,,,,,,,,,,,
,,,,,,,,,,,,,,,,,,,,,,,,,,
,,,,,,,,,,,,,,,,,,,,,,,,,,
,,,,,,,,,,,,,,,,,,,,,,,,,,
,,,,,,,,,,,,,,,,,,,,,,,,,,
,,,,,,,,,,,,,,,,,,,,,,,,,,
,,,,,,,,,,,,,,,,,,,,,,,,,,
,,,,,,,,,,,,,,,,,,,,,,,,,,
,,,,,,,,,,,,,,,,,,,,,,,,,,
,,,,,,,,,,,,,,,,,,,,,,,,,,
,,,,,,,,,,,,,,,,,,,,,,,,,,
,,,,,,,,,,,,,,,,,,,,,,,,,,
,,,,,,,,,,,,,,,,,,,,,,,,,,
,,,,,,,,,,,,,,,,,,,,,,,,,,
,,,,,,,,,,,,,,,,,,,,,,,,,,
,,,,,,,,,,,,,,,,,,,,,,,,,,
,,,,,,,,,,,,,,,,,,,,,,,,,,
,,,,,,,,,,,,,,,,,,,,,,,,,,
,,,,,,,,,,,,,,,,,,,,,,,,,,
,,,,,,,,,,,,,,,,,,,,,,,,,,
,,,,,,,,,,,,,,,,,,,,,,,,,,
,,,,,,,,,,,,,,,,,,,,,,,,,,
,,,,,,,,,,,,,,,,,,,,,,,,,,
,,,,,,,,,,,,,,,,,,,,,,,,,,
,,,,,,,,,,,,,,,,,,,,,,,,,,
,,,,,,,,,,,,,,,,,,,,,,,,,,
,,,,,,,,,,,,,,,,,,,,,,,,,,
,,,,,,,,,,,,,,,,,,,,,,,,,,
,,,,,,,,,,,,,,,,,,,,,,,,,,
,,,,,,,,,,,,,,,,,,,,,,,,,,
,,,,,,,,,,,,,,,,,,,,,,,,,,
,,,,,,,,,,,,,,,,,,,,,,,,,,
,,,,,,,,,,,,,,,,,,,,,,,,,,
,,,,,,,,,,,,,,,,,,,,,,,,,,
,,,,,,,,,,,,,,,,,,,,,,,,,,
,,,,,,,,,,,,,,,,,,,,,,,,,,
,,,,,,,,,,,,,,,,,,,,,,,,,,
,,,,,,,,,,,,,,,,,,,,,,,,,,
,,,,,,,,,,,,,,,,,,,,,,,,,,
,,,,,,,,,,,,,,,,,,,,,,,,,,
,,,,,,,,,,,,,,,,,,,,,,,,,,
,,,,,,,,,,,,,,,,,,,,,,,,,,
,,,,,,,,,,,,,,,,,,,,,,,,,,
,,,,,,,,,,,,,,,,,,,,,,,,,,
,,,,,,,,,,,,,,,,,,,,,,,,,,
,,,,,,,,,,,,,,,,,,,,,,,,,,
,,,,,,,,,,,,,,,,,,,,,,,,,,
,,,,,,,,,,,,,,,,,,,,,,,,,,
,,,,,,,,,,,,,,,,,,,,,,,,,,
,,,,,,,,,,,,,,,,,,,,,,,,,,
,,,,,,,,,,,,,,,,,,,,,,,,,,
,,,,,,,,,,,,,,,,,,,,,,,,,,
,,,,,,,,,,,,,,,,,,,,,,,,,,
,,,,,,,,,,,,,,,,,,,,,,,,,,
,,,,,,,,,,,,,,,,,,,,,,,,,,
,,,,,,,,,,,,,,,,,,,,,,,,,,
,,,,,,,,,,,,,,,,,,,,,,,,,,
,,,,,,,,,,,,,,,,,,,,,,,,,,
,,,,,,,,,,,,,,,,,,,,,,,,,,
,,,,,,,,,,,,,,,,,,,,,,,,,,
,,,,,,,,,,,,,,,,,,,,,,,,,,
,,,,,,,,,,,,,,,,,,,,,,,,,,
,,,,,,,,,,,,,,,,,,,,,,,,,,
,,,,,,,,,,,,,,,,,,,,,,,,,,
,,,,,,,,,,,,,,,,,,,,,,,,,,
,,,,,,,,,,,,,,,,,,,,,,,,,,
,,,,,,,,,,,,,,,,,,,,,,,,,,
,,,,,,,,,,,,,,,,,,,,,,,,,,
,,,,,,,,,,,,,,,,,,,,,,,,,,
,,,,,,,,,,,,,,,,,,,,,,,,,,
,,,,,,,,,,,,,,,,,,,,,,,,,,
,,,,,,,,,,,,,,,,,,,,,,,,,,
,,,,,,,,,,,,,,,,,,,,,,,,,,
,,,,,,,,,,,,,,,,,,,,,,,,,,
,,,,,,,,,,,,,,,,,,,,,,,,,,
,,,,,,,,,,,,,,,,,,,,,,,,,,
,,,,,,,,,,,,,,,,,,,,,,,,,,
,,,,,,,,,,,,,,,,,,,,,,,,,,
,,,,,,,,,,,,,,,,,,,,,,,,,,
,,,,,,,,,,,,,,,,,,,,,,,,,,
,,,,,,,,,,,,,,,,,,,,,,,,,,
,,,,,,,,,,,,,,,,,,,,,,,,,,
,,,,,,,,,,,,,,,,,,,,,,,,,,
,,,,,,,,,,,,,,,,,,,,,,,,,,
,,,,,,,,,,,,,,,,,,,,,,,,,,
,,,,,,,,,,,,,,,,,,,,,,,,,,
,,,,,,,,,,,,,,,,,,,,,,,,,,
,,,,,,,,,,,,,,,,,,,,,,,,,,
,,,,,,,,,,,,,,,,,,,,,,,,,,
,,,,,,,,,,,,,,,,,,,,,,,,,,
,,,,,,,,,,,,,,,,,,,,,,,,,,
,,,,,,,,,,,,,,,,,,,,,,,,,,
,,,,,,,,,,,,,,,,,,,,,,,,,,
,,,,,,,,,,,,,,,,,,,,,,,,,,
,,,,,,,,,,,,,,,,,,,,,,,,,,
,,,,,,,,,,,,,,,,,,,,,,,,,,
,,,,,,,,,,,,,,,,,,,,,,,,,,
,,,,,,,,,,,,,,,,,,,,,,,,,,
,,,,,,,,,,,,,,,,,,,,,,,,,,
,,,,,,,,,,,,,,,,,,,,,,,,,,
,,,,,,,,,,,,,,,,,,,,,,,,,,
,,,,,,,,,,,,,,,,,,,,,,,,,,
,,,,,,,,,,,,,,,,,,,,,,,,,,
,,,,,,,,,,,,,,,,,,,,,,,,,,
,,,,,,,,,,,,,,,,,,,,,,,,,,
,,,,,,,,,,,,,,,,,,,,,,,,,,
,,,,,,,,,,,,,,,,,,,,,,,,,,
,,,,,,,,,,,,,,,,,,,,,,,,,,
,,,,,,,,,,,,,,,,,,,,,,,,,,
,,,,,,,,,,,,,,,,,,,,,,,,,,
,,,,,,,,,,,,,,,,,,,,,,,,,,
,,,,,,,,,,,,,,,,,,,,,,,,,,
,,,,,,,,,,,,,,,,,,,,,,,,,,
,,,,,,,,,,,,,,,,,,,,,,,,,,
,,,,,,,,,,,,,,,,,,,,,,,,,,
,,,,,,,,,,,,,,,,,,,,,,,,,,
,,,,,,,,,,,,,,,,,,,,,,,,,,
,,,,,,,,,,,,,,,,,,,,,,,,,,
,,,,,,,,,,,,,,,,,,,,,,,,,,
,,,,,,,,,,,,,,,,,,,,,,,,,,
,,,,,,,,,,,,,,,,,,,,,,,,,,
,,,,,,,,,,,,,,,,,,,,,,,,,,
,,,,,,,,,,,,,,,,,,,,,,,,,,
